Slope Angle,HS,Profile Depth,Pit Near Avalanche Location,WL_Depth,WL_Thickness,impact_criterion,coupled_criterion,sserr_result,touchdown_distance
23,,1000.0,crown,800.0,10.0,353.002505083203,447.3207928213824,9.431070057075601,3111.4929548901673
42,930.0,930.0,crown,390.0,10.0,69.71163472295832,92.46088471023282,5.140661045032902,967.8946795477126
28,1350.0,1350.0,crown,300.0,10.0,36.84129082508584,48.69536515826917,3.200059445560042,710.3745353970038
24,740.0,740.0,flank,480.0,260.0,171.46221946769475,205.51338763675693,4.0287600339915155,1549.3529024774623
28,2000.0,1250.0,flank,90.0,290.0,52.094079720302396,56.197982896315054,0.5319962959429966,652.190176190509
27,1750.0,1750.0,flank,1170.0,10.0,243.9060499231651,315.76737603446907,10.682255813334166,2471.0899384236814
38,710.0,710.0,crown,350.0,10.0,66.21643531570078,87.17908600294625,4.074082107321408,926.7141350720473
17,1250.0,1250.0,other,770.0,60.0,212.09382772031842,258.67576312490786,6.270354431672022,1841.8167588481192
27,710.0,710.0,crown,520.0,190.0,130.1024258875687,161.33419454439795,4.062063872899206,1471.9192498298157
15,2200.0,2200.0,other,1700.0,500.0,193.0273095011615,268.8475507080276,19.067480531603934,3640.5324590045593
30,1700.0,1700.0,crown,1500.0,20.0,280.87238476088265,370.6466321742371,14.46495664885591,3092.5374805221295
27,1080.0,1080.0,flank,20.0,150.0,37.503427087390406,40.92667920691724,0.19167068663440157,464.00215104023846
25,3050.0,1000.0,crown,210.0,390.0,159.05665398712785,183.8553279674836,2.056868390457012,1357.4866637160567
37,1100.0,1100.0,flank,640.0,20.0,127.61034233006504,164.4297114088398,5.356187636224434,1342.7915119658398
36,2670.0,1250.0,crown,960.0,10.0,238.79784309292322,301.6555015364781,8.076710285471247,2257.266008539905
37,2420.0,2420.0,flank,620.0,30.0,203.50302280307676,245.406275079934,5.5178704941165435,1773.5078896918349
30,900.0,700.0,flank,230.0,70.0,190.7961370415992,211.99262829650507,2.0360565371657127,1489.817698250012
29,1250.0,1250.0,,700.0,2.0,278.37788647732333,355.9823487596183,6.19012298543614,2658.3339858231575
35,1050.0,1050.0,crown,310.0,10.0,117.11359375900591,146.65550493276163,2.2353215971861484,1548.8650399880146
47,1660.0,1660.0,crown,960.0,50.0,295.4929972746781,343.27524656237756,8.558739417269612,2206.8002622022173
49,2110.0,2110.0,crown,550.0,30.0,298.7187389174122,360.04569237068796,5.253922777426789,2100.5850320330283
33,2070.0,2070.0,crown,680.0,40.0,219.7319071876328,274.5563859908186,6.472695789586073,1918.4566029392074
35,1700.0,1700.0,crown,350.0,5.0,94.90783594022398,118.73260491123276,3.2894821566325283,1115.9166433868377
32,1350.0,1350.0,crown,650.0,10.0,194.43181236647638,217.45484592969086,5.104773543795115,1612.5284197036772
30,2650.0,2650.0,other,500.0,50.0,61.105501658128965,77.91656352757475,5.211552013641791,1013.4570591749521
35,2200.0,1300.0,crown,950.0,50.0,106.64019477234726,140.14001694422564,9.021919523318555,1288.4081677697209
38,1200.0,1200.0,crown,780.0,220.0,262.38275794519734,309.6905261455281,6.808290004457579,2009.1963451576826
25,1700.0,1700.0,crown,1330.0,60.0,245.92385239348525,309.5326331990893,11.620382237507993,2404.2879935631636
24,1680.0,1680.0,other,1020.0,660.0,233.0199091321023,295.70644607616737,8.456541977838825,2323.1980205489162
30,3400.0,3400.0,flank,900.0,100.0,300.30416244729975,353.62519735536955,8.329308720720515,2399.5523741360753
37,1100.0,1100.0,crown,300.0,20.0,84.77462173155385,107.01191981600812,3.103350582919653,1061.9154517408165
15,2350.0,800.0,flank,470.0,100.0,130.50533965506108,163.54468127421666,3.7931716302845686,1413.2373166668576
34,1210.0,1210.0,other,950.0,100.0,195.2324905213691,247.27736860827378,7.828816307687074,2020.4541764315957
38,1200.0,1200.0,crown,650.0,270.0,124.38539890357806,152.2349283444937,5.7135598767368085,1298.6742478021886
38,1180.0,1180.0,flank,330.0,230.0,88.96180399693337,111.91773942687203,3.164219907923556,1176.6704856274828
15,1250.0,1250.0,crown,1015.0,85.0,186.59986640585157,235.7745802231866,7.835467922852567,1912.9429805420405
28,750.0,750.0,flank,510.0,240.0,116.58429281159049,146.8812658874951,4.525767740334404,1367.4119699040841
35,1850.0,1850.0,flank,300.0,20.0,328.280143922164,384.16651234435255,3.567931800967752,2271.550055191776
30,1400.0,1400.0,,400.0,1000.0,41.58154089983497,54.238252342882205,5.00794959146409,781.5722609763384
30,670.0,670.0,crown,300.0,370.0,160.05429892216787,181.83678635549808,2.5246215831785053,1346.9551782836736
0.0,1380.0,1380.0,other,260.0,20.0,37.58179574207413,47.577397328835104,1.2632754580796632,677.113613983211
24,,950.0,crown,500.0,5.0,78.08938720537093,100.85856337390376,3.617281226063011,979.8552127103987
30,2360.0,2360.0,flank,1060.0,50.0,239.40062291487882,290.0822783469433,8.804468284938274,2164.832965779451
32,3000.0,600.0,crown,400.0,80.0,197.75910199361903,244.08668224922377,3.8353379301867694,1773.689635960969
27,1150.0,1150.0,flank,340.0,240.0,95.92537552716644,114.79999878705968,2.453480430412212,1078.3442161278956
31,,870.0,crown,530.0,10.0,149.6043376775102,187.11399116274376,3.9977627474033595,1691.9662363840353
43,2400.0,2400.0,crown,660.0,120.0,260.8687677643235,312.1982484649724,5.950182871855232,1983.232094729689
36,2700.0,1100.0,crown,250.0,20.0,60.73124435483571,79.43898078651526,2.284668239300668,841.5497932058641
34,4000.0,1100.0,crown,820.0,10.0,133.09836538554273,169.55345850390682,7.324122783169031,1426.5415682855385
39,2400.0,1000.0,crown,600.0,20.0,214.23341821632627,268.33912450908804,5.7742751680014095,1852.0115322258966
35,1360.0,1360.0,flank,610.0,10.0,197.59902075583307,210.45471607989117,4.4930297136758135,1561.9592471563828
17,1260.0,1260.0,,780.0,60.0,209.5011822197695,256.34401750828624,6.320988721810221,1842.5781871778395
37,1560.0,1560.0,flank,960.0,130.0,337.53386788379214,407.4469917680558,9.077359167763287,2589.041699237935
36,1850.0,1850.0,crown,1390.0,50.0,272.20881461317606,358.882001862793,12.787320580014704,2754.744851860541
34,920.0,920.0,crown,640.0,280.0,124.6568824499693,154.4294030103781,5.272997541751885,1447.779831466968
42,2800.0,1500.0,crown,200.0,60.0,114.3595460346187,140.6616134268325,1.8506541462490314,1151.4219936684324
15,3200.0,900.0,flank,410.0,50.0,151.3777220376402,187.3013813901652,3.569460129354683,1524.5242936410077
24,1420.0,1420.0,flank,1020.0,40.0,278.3900018993671,350.0567366534633,9.558636326059219,2447.8612463429695
37,720.0,720.0,flank,420.0,300.0,165.22910970990333,195.8763664996987,3.3048502065726204,1492.7371753147547
40,1450.0,1450.0,crown,955.0,195.0,169.7134770115824,215.36944772334266,9.218305070050095,1653.5248542688505
26,470.0,470.0,crown,0.0,190.0,,,,
35,1800.0,1800.0,crown,510.0,5.0,166.2566908156057,206.16748010165796,4.722124451001821,1641.8707918884081
26,1050.0,1050.0,crown,900.0,150.0,166.3013168947139,208.0987330821165,6.89731354484158,1613.115725277434
0.0,2700.0,2700.0,crown,1930.0,50.0,166.9030126276074,232.25821463892487,19.340317603094753,3323.183736842323
34,2000.0,2000.0,,800.0,50.0,313.3041587443612,390.80687625303824,7.290566905954979,2707.3614049062703
25,2400.0,2400.0,crown,1600.0,10.0,288.610362508177,357.98078024370864,15.741238272602216,3396.9273355727037
29,1750.0,1750.0,,460.0,5.0,106.21108745167336,134.13616309282935,4.072367614784156,1237.4142901285845
40,1750.0,1750.0,crown,740.0,60.0,374.254167890728,468.3175072995336,7.320043090402165,2727.8955731653277
39,1230.0,1230.0,crown,700.0,20.0,200.91194749373636,253.85832795362137,6.201742139586399,2019.092040577649
33,1550.0,1550.0,crown,580.0,10.0,130.85864826472138,165.02470398096673,4.5633218043001795,1531.0628534537557
20,1500.0,1500.0,flank,700.0,20.0,143.49507749547698,180.7854053309013,5.477221938733653,1557.4827709930835
35,900.0,900.0,crown,550.0,30.0,272.36965259865246,326.3772764316525,5.3379961575327,2069.3372021080395
35,1100.0,1100.0,flank,800.0,200.0,190.2187640888297,239.9992143434266,7.439917439098024,1842.8030376234644
30,500.0,500.0,flank,150.0,40.0,51.61769838947079,64.43368861221735,1.2848219164921444,707.6333969896663
36,2080.0,2080.0,crown,500.0,70.0,112.08170313573939,140.32014917595694,4.412659285519327,1197.357134421286
24,980.0,980.0,crown,260.0,10.0,33.41923202344923,43.326573858799335,2.515114932650137,691.2798194304041
0.0,1210.0,1210.0,crown,870.0,30.0,151.21101899149411,193.0880911492788,6.338376182279033,1739.6219130821928
32,1050.0,1050.0,other,20.0,260.0,53.735786033333405,59.64003176192268,0.22733549970426145,612.3443971412679
5,910.0,910.0,other,550.0,360.0,198.60734299287418,248.403309680313,5.016271286288241,1840.3631832757771
37,1250.0,1250.0,flank,530.0,20.0,147.98007737406581,180.84169812081296,4.216971163801446,1470.3975948003367
32,670.0,670.0,,270.0,80.0,75.54399881011827,95.12969344791611,2.5918759769650546,1004.8999781284904
35,3200.0,1200.0,crown,440.0,5.0,84.61627678524324,108.3082661826671,4.402229950415331,1087.2005179932085
39,890.0,890.0,crown,650.0,240.0,185.5966632208559,228.05654438037567,5.892418277728521,1701.5510915748735
36,1720.0,1720.0,crown,250.0,190.0,227.78912468453953,269.4152097828753,2.5899276481409537,1758.7171173116724
30,390.0,390.0,crown,270.0,5.0,47.94379104085189,61.67468034870983,2.837746587749667,810.1873648132101
20,1420.0,1420.0,crown,370.0,50.0,93.94398581405552,118.30009944574827,2.9828014932896347,1185.3755947968277
34,1300.0,1300.0,crown,900.0,10.0,183.4072926754558,231.40517371045814,8.164432555660017,1831.0820200059977
40,3500.0,980.0,other,960.0,10.0,303.759032244859,326.3459654236216,7.743881824735021,2312.2718429460488
40,2700.0,2700.0,crown,350.0,10.0,173.08106219339152,206.02900306581125,3.249181030705636,1502.7808453489438
0.0,1120.0,1120.0,crown,570.0,550.0,153.04634145821169,193.00541102502203,4.668096414952231,1674.5215933270365
36,1230.0,1230.0,other,730.0,50.0,237.47843001591806,293.83476903747516,6.735185674674678,2037.6808434459997
20,1950.0,1950.0,other,280.0,170.0,40.06397071045021,51.8190439135489,2.211194065069531,732.4760684058216
34,1520.0,1520.0,other,680.0,80.0,181.48777614655097,223.8376008883167,5.991879118033523,1689.1278917666916
0.0,1140.0,1140.0,flank,790.0,50.0,212.18730483472012,270.30453214910335,7.116751054064682,2228.624224015076
38,550.0,550.0,flank,0.0,50.0,,,,
26,650.0,650.0,other,200.0,290.0,115.10362449973324,141.08554188787798,1.2467583128632846,1455.420869503853
40,1550.0,1550.0,flank,450.0,100.0,308.6068754562934,337.7168631704234,4.173824934426323,2101.941373933858
25,5000.0,1000.0,crown,70.0,360.0,48.59645585526676,57.313979020914964,0.5376537497157317,605.584434358641
0.0,2300.0,980.0,,500.0,180.0,140.4097457011723,176.4702146870082,4.02857441566116,1542.9633349200626
39,1450.0,1450.0,,1030.0,20.0,176.44317995386353,225.20057765562856,9.707218188628765,1685.7228457881272
25,1800.0,1800.0,crown,60.0,840.0,59.25455707445082,67.46328789894991,0.4790122889707522,723.0227353216084
0.0,2450.0,2450.0,crown,2130.0,20.0,143.32148224254132,200.6661708138331,19.701386193434825,3083.3885404585094
33,1330.0,1330.0,crown,720.0,10.0,329.264423816791,374.2762210511596,5.816308839435552,2065.450139632715
30,1470.0,1470.0,other,920.0,20.0,231.7229337757481,297.16896356492555,8.26062985746157,2297.837675336369
38,1450.0,1450.0,flank,1050.0,50.0,205.86060407123335,255.34128097972706,9.542518948607952,1856.9318590930884
0.0,,1600.0,crown,930.0,70.0,184.6837583327543,235.60570563457622,7.391479068304134,1957.5223659302287
44,1760.0,1760.0,crown,500.0,10.0,157.7053580272798,194.55368080799832,4.75528635360896,1424.8997664903482
26,1490.0,1490.0,other,280.0,5.0,160.0911950805147,198.32669642949148,1.827068843950618,1905.3307762011646
32,1400.0,1400.0,flank,1270.0,130.0,222.02552697740762,284.1911838811815,11.466728087558586,2221.825050044531
40,3000.0,3000.0,crown,240.0,20.0,130.31368919680955,153.76959649208857,1.9485333063750503,1289.035012392753
27,1750.0,1750.0,crown,700.0,20.0,151.91577559855,190.37548322894827,5.836970407118352,1595.0057046855097
42,650.0,650.0,other,500.0,150.0,178.0624581433381,220.7529976916231,4.971487954208095,1644.9269556600893
41,950.0,950.0,flank,600.0,350.0,171.27988075761243,213.28422251093707,5.914595757945818,1614.3506538951951
32,2200.0,1400.0,other,400.0,5.0,48.48045716558034,63.17795992163212,4.954457387997269,842.9853572458072
43,950.0,950.0,crown,750.0,50.0,285.9355264131447,321.36280549962487,6.274353681202255,2004.8650091578902
24,650.0,650.0,crown,370.0,30.0,174.50644229243008,204.58680921511217,2.99027853667622,1389.6908756832206
20,3800.0,1300.0,,820.0,90.0,240.91951784790947,300.8835388575742,7.621356276122869,2054.2632204831903
0.0,390.0,390.0,crown,290.0,100.0,72.96627476286577,91.92815383445048,1.8673493351460722,1088.8603382673132
10,1000.0,1000.0,other,390.0,40.0,183.65725820350522,221.58605786880383,3.356974803096443,1638.5055192884736
35,1550.0,1550.0,crown,1002.5,122.5,273.6831181468057,326.36586556817485,8.751682764295518,2292.1290685801873
15,900.0,900.0,other,490.0,90.0,251.16016280327668,311.3759038129609,4.909486293147995,2336.7815744850127
38,1170.0,1170.0,crown,630.0,90.0,176.23541449635272,222.35640748281241,4.666774158866558,2004.841449549286
26,730.0,730.0,other,330.0,180.0,173.53332342801014,213.2334137319065,3.1767538358842446,1613.5290550624172
10,2970.0,1000.0,crown,600.0,10.0,180.16743236839287,227.4272940682001,5.40449143833577,1855.829805869903
41,,1750.0,crown,650.0,50.0,112.10368058589474,143.3210729158451,7.918971171464215,1323.7957405316913
29,650.0,650.0,flank,330.0,110.0,85.47503849874285,107.73971049900162,2.984336379191154,1100.1474222333363
0.0,1140.0,1140.0,crown,740.0,10.0,189.71253242298394,241.90536340267607,6.759115884350333,2018.5795220798168
23,1550.0,1550.0,crown,0.0,250.0,,,,
32,960.0,960.0,crown,520.0,160.0,224.4369291220462,252.24456053134065,4.152607983470782,1701.6377537709798
33,1000.0,1000.0,crown,500.0,100.0,128.88972772326647,160.4983915536821,4.345723485989095,1312.4957797612558
25,680.0,680.0,flank,230.0,350.0,79.93938341609005,98.76368350965413,1.8357446817819842,989.936460347493
40,750.0,750.0,other,220.0,20.0,76.33709331748545,91.19454488863599,2.0312719209304655,952.5884062676654
36,1200.0,1200.0,flank,310.0,10.0,174.0964006278156,207.82146829887125,2.4766720495556265,1450.1868587610504
0.0,580.0,580.0,crown,140.0,60.0,67.04002761925169,82.84719785221664,1.086401652712693,883.1799268810389
34,1060.0,1060.0,crown,710.0,120.0,176.31968369224964,218.1086002291533,6.252101838368469,1640.5296760195297
38,1800.0,1800.0,,150.0,120.0,146.48179584376737,159.9417330528624,1.2393576165116436,1201.6723844959724
10,1000.0,1000.0,other,390.0,40.0,183.65725820350522,221.58605786880383,3.356974803096443,1638.5055192884736
44,1140.0,1140.0,crown,1000.0,40.0,314.11548415469474,399.48006718665056,9.039333197611828,2575.980656023969
30,900.0,900.0,crown,430.0,30.0,179.64066124421353,221.2856294777201,3.9957064599977237,1683.7302421798381
10,1000.0,1000.0,other,390.0,40.0,183.65725820350522,221.58605786880383,3.356974803096443,1638.5055192884736
29,850.0,850.0,crown,450.0,250.0,60.449004064035364,78.00090958732586,4.639894027278551,945.8136431749293
0.0,1200.0,1200.0,flank,500.0,10.0,140.5050022334214,176.5899352990811,3.991689818514402,1557.5660353798223
38,740.0,740.0,crown,420.0,30.0,75.15627243020934,102.98175385248592,3.823306284738682,967.4491565204518
11,550.0,550.0,other,270.0,80.0,75.60191655631454,94.37287019504308,1.844872863576844,961.9686380656315
37,1010.0,1010.0,crown,740.0,120.0,222.51474239246983,246.42095272870768,5.789987541578171,1698.532433434003
15,900.0,900.0,other,490.0,90.0,251.16016280327668,311.3759038129609,4.909486293147995,2336.7815744850127
10,1000.0,1000.0,,390.0,40.0,183.65725820350522,221.58605786880383,3.356974803096443,1638.5055192884736
39,700.0,700.0,,330.0,20.0,128.09705172742127,158.6521546867363,3.0818324521354654,1338.0046595661665
32,1570.0,1570.0,crown,920.0,150.0,198.5714515701605,234.37400306268822,7.186013651654381,1794.7905364755218
40,3500.0,3500.0,flank,450.0,40.0,255.3976418186263,315.85068763708637,4.344583967012487,2043.9727955910714
25,1380.0,1380.0,other,1080.0,300.0,273.0803234000074,304.6669863807796,8.110866095495277,2167.171204281996
37,2150.0,2150.0,flank,450.0,150.0,226.40414222944435,278.61389920296307,4.368369788604617,1892.618669982015
10,1000.0,1000.0,other,390.0,40.0,183.65725820350522,221.58605786880383,3.356974803096443,1638.5055192884736
36,1700.0,1700.0,crown,950.0,50.0,238.82615892252394,290.1871208554792,8.233293167189597,1989.6066442108163
21,1120.0,1120.0,,770.0,90.0,273.25135970311527,334.7647705006371,7.530284172631932,2371.128759892825
10,1000.0,1000.0,other,390.0,40.0,183.65725820350522,221.58605786880383,3.356974803096443,1638.5055192884736
23,1070.0,1070.0,other,470.0,100.0,212.8788770977447,262.48885457315157,4.4936836930521835,1928.0555319068426
40,1280.0,1280.0,crown,440.0,20.0,262.504373618535,284.3445564550483,3.68573489065228,1837.7448102258547
30,2600.0,2600.0,crown,1350.0,100.0,279.59489530009637,351.5718092099376,12.124852375527407,2529.0225069259773
30,780.0,780.0,other,430.0,20.0,109.89445731673986,138.55344139502765,3.6438582453346537,1159.033126736012
26,1230.0,1230.0,crown,890.0,90.0,197.86773017037677,240.23937034527086,7.123891961128387,1813.635509150465
34,1300.0,1000.0,crown,350.0,10.0,155.37624368810086,191.6803620230299,3.16011178763343,1565.7794780500935
25,1070.0,1070.0,other,220.0,5.0,37.52959054711032,48.06050726960086,1.939778299854833,721.7195191169619
0.0,760.0,760.0,crown,340.0,20.0,49.9552479976796,63.15042793555301,1.8251936663080839,826.168272394559
15,900.0,900.0,,490.0,90.0,251.16016280327668,311.3759038129609,4.909486293147995,2336.7815744850127
10,1000.0,1000.0,other,390.0,40.0,183.65725820350522,221.58605786880383,3.356974803096443,1638.5055192884736
32,910.0,910.0,other,290.0,30.0,235.98094284797943,282.05368698751283,3.059016810575687,1805.0061925374696
40,2000.0,2000.0,crown,1180.0,200.0,315.6551537127927,415.007150958415,11.107409198696795,2918.473277252265
15,900.0,900.0,,30.0,160.0,7.973480850532372,11.941650229091017,0.19089356386455003,256.2581844789732
32,950.0,950.0,flank,580.0,20.0,184.2478646423925,225.3880827292974,5.089465322604976,1664.051279602204
34,2150.0,2150.0,crown,1460.0,20.0,319.77389727946024,347.5974857568874,11.801903997933406,2692.7357203098245
24,740.0,740.0,other,330.0,70.0,43.63851703868748,57.400284555228104,2.839867133549739,744.7347303774776
22,900.0,900.0,crown,300.0,100.0,168.4207815284148,194.1146135248914,2.6599947699567466,1412.009311271327
10,1000.0,1000.0,other,390.0,40.0,183.65725820350522,221.58605786880383,3.356974803096443,1638.5055192884736
18,1240.0,1240.0,other,570.0,150.0,159.77047827906972,196.71164792760212,4.4132363532164245,1512.984070189463
38,1460.0,1460.0,crown,960.0,500.0,301.18985769288264,335.38512758355876,7.9418778764369495,2274.1187083723025
36,1000.0,1000.0,crown,600.0,100.0,346.80478123817437,412.0828859093245,5.78948506438579,2400.789879882174
32,1200.0,900.0,,350.0,30.0,177.80340427846878,218.53458946469567,3.332577473209626,1621.5130398932329
36,2000.0,750.0,crown,400.0,200.0,83.48091806970822,115.61011669415761,3.3795541173603305,955.5371406231051
28,1700.0,1700.0,other,390.0,10.0,105.64168776225908,131.2913915435104,3.1446618172860648,1143.1384594352692
38,990.0,990.0,crown,600.0,390.0,163.74540973587665,190.12377183551553,4.8225194481199685,1505.3251948193845
31,2700.0,2700.0,crown,910.0,20.0,267.7523746394426,330.1502482845126,8.069022407689026,2353.1559763916102
16,1250.0,1000.0,flank,430.0,10.0,133.27195234369148,165.95530433819255,3.341510656068981,1411.4855862384093
40,,1300.0,crown,440.0,20.0,165.07320601549714,204.64956760932608,4.30555070206241,1568.0850757912624
29,2050.0,1100.0,flank,1000.0,100.0,347.9934013425027,444.1561018293278,10.402132628276075,3060.148480987674
37,1020.0,1020.0,crown,250.0,60.0,145.2685355393893,168.2717957289687,2.1404567294082577,1260.2797120347363
41,,660.0,crown,480.0,50.0,84.06259768866187,109.03474069942949,5.4284977578373175,1078.5245278591537
33,2400.0,2400.0,other,1400.0,5.0,230.60797078593072,283.50592611591827,11.542756160996797,2116.639049235024
26,1370.0,1370.0,,440.0,10.0,134.5387420337589,168.39411410788202,3.7963333203705356,1487.2204696043916
28,900.0,900.0,crown,410.0,190.0,201.53534718437874,251.32813335594892,3.7890090704002244,1965.9540383072256
10,1000.0,1000.0,other,390.0,40.0,183.65725820350522,221.58605786880383,3.356974803096443,1638.5055192884736
21,850.0,850.0,flank,530.0,320.0,191.49255946999216,240.08847154681786,4.881085164708928,1917.0104290245608
38,1000.0,1000.0,,700.0,300.0,195.34004552169876,240.98182421217732,5.915815320065832,1848.213436237281
32,1500.0,1500.0,crown,700.0,70.0,216.4174446865047,268.43556493932067,5.7754797984867485,1923.298067800652
32,950.0,950.0,flank,900.0,50.0,329.6310258610636,407.85622654225625,9.073962003359913,2722.383184748466
34,1330.0,1330.0,crown,480.0,10.0,77.4205944497369,100.93889565751456,5.069431137403413,1032.4968493030178
18,1240.0,1240.0,other,290.0,280.0,66.96581347955546,83.79669629273857,1.8781928477673318,845.0148368248904
6,840.0,840.0,other,410.0,20.0,124.83279126492334,153.84811031809522,2.9442113813635915,1192.6229528036981
38,,400.0,,300.0,50.0,61.3659048488001,81.8780877847468,3.300726576912494,861.1936058045729
0.0,1410.0,1410.0,flank,910.0,500.0,188.95578197025876,238.92417205144594,7.037459460079081,1883.1084183162748
32,,1000.0,flank,500.0,400.0,324.17882688379314,396.7615243949396,5.526655712347241,2483.037271389144
32,,1600.0,crown,1410.0,10.0,266.5370358955472,366.0309645511172,14.143792550756485,3048.835762390152
36,1210.0,1210.0,,580.0,220.0,69.01463954383581,92.37805797022179,7.053619310280249,999.163168173486
28,1100.0,1100.0,flank,270.0,110.0,146.5377675653303,164.02360312378738,2.2044463134437353,1279.42399317845
32,700.0,700.0,crown,420.0,280.0,249.25522455841605,305.21472636491706,4.246126478790065,1956.7970196505523
25,1150.0,1150.0,other,25.0,10.0,57.12714365740302,64.1006719358946,0.29184203173671863,658.5403362755858
32,2000.0,2000.0,crown,450.0,300.0,94.96793632158823,121.18193277031716,4.160179632389369,1137.5129538745377
32,2600.0,2600.0,flank,1170.0,5.0,378.9443993666765,434.67563931235213,12.327112804312666,3361.0842951748673
0.0,1700.0,1700.0,,800.0,50.0,189.88893226114382,237.61475235266715,6.162900365519605,1804.0850913067313
37,1010.0,1010.0,crown,480.0,20.0,158.26023698598607,195.43120445166124,4.013283923042549,1415.3281018524601
38,1110.0,1110.0,crown,700.0,30.0,216.51376347894396,229.74192981454104,5.256365599957149,1727.3712648992382
31,600.0,600.0,crown,240.0,190.0,86.9062748607778,107.45063922968342,1.7675199960534806,1201.400026723096
35,1050.0,1050.0,crown,550.0,50.0,210.28497502043396,256.405524377325,4.372783152307461,1503.9653155868027
41,680.0,680.0,flank,200.0,40.0,61.20206208753032,77.5918801805399,1.8924746578477747,769.5203917884364
32,1600.0,1100.0,crown,50.0,100.0,7.835970252175866,12.648286179878253,0.637551486681452,289.650875081243
21,1120.0,1120.0,,860.0,260.0,293.7654284211827,359.00129171161814,8.470243293849157,2556.111007967807
29,750.0,750.0,other,160.0,50.0,167.09039911602954,185.24577450142613,1.556533888122434,1387.2784696690558
44,540.0,540.0,,250.0,30.0,49.12256103987709,64.94323976853553,3.5341958873404256,799.2503438845256
28,1360.0,1360.0,,650.0,10.0,199.97836145510132,250.4838828619986,5.6665824835298775,1946.4794801257187
30,1200.0,1200.0,crown,700.0,500.0,250.28042160486274,300.3658356627421,6.338408303212976,2039.291294429104
32,700.0,700.0,other,180.0,60.0,325.31248715962494,369.08979093935545,2.6442468760799223,2214.129064176148
30,1500.0,1500.0,flank,1112.0,108.0,178.7069549999264,224.92992775508316,8.607997121706038,1836.972107047903
35,1000.0,1000.0,flank,650.0,250.0,200.32917338653843,234.67748335881197,5.500190520072556,1726.792539766509
30,1050.0,1050.0,crown,400.0,450.0,233.8657238175855,281.4505613536177,3.7954346869922873,1778.145355024995
38,1230.0,1230.0,flank,850.0,80.0,366.41463564677633,446.88988130787004,8.585428953298422,2781.0210688965967
25,1500.0,1500.0,crown,850.0,70.0,256.5778567996772,305.57680448063456,7.281910698683661,2124.991577186708
36,1590.0,1590.0,crown,410.0,40.0,143.61437441301365,178.22110847681358,2.895621538197773,1662.1389447926363
10,1000.0,1000.0,other,390.0,40.0,183.65725820350522,221.58605786880383,3.356974803096443,1638.5055192884736
0.0,650.0,650.0,other,350.0,250.0,31.735035688143654,40.5238818205609,1.603987180617613,676.2317216847315
33,1500.0,1500.0,crown,800.0,190.0,378.2795665221204,451.557956733123,8.055614413232556,2539.9042369611457
25,1440.0,1440.0,flank,810.0,30.0,284.6681715398431,326.9681695284233,7.133000875267635,2192.2440191107617
38,5000.0,5000.0,flank,800.0,10.0,183.99593649605634,232.37224604712424,7.258662699667031,1813.5436381568124
39,3000.0,1600.0,crown,600.0,20.0,39.65657369950997,53.85521973685776,12.930971042591462,753.7268314805651
10,1000.0,1000.0,other,390.0,40.0,183.65725820350522,221.58605786880383,3.356974803096443,1638.5055192884736
36,1550.0,1090.0,flank,370.0,10.0,78.43316805769827,99.82004130555035,4.057059830578641,1061.0570945423867
30,1030.0,1030.0,other,400.0,10.0,77.17022674295235,97.60102543276159,3.6507461071169764,1055.9067271287333
30,,2000.0,crown,500.0,50.0,118.94541454464208,150.00102847932874,4.596139582271082,1384.9111890990737
31,950.0,950.0,flank,470.0,120.0,196.78551675099442,245.7047459265952,3.5476824372657685,2050.065493542339
25,1200.0,1200.0,,920.0,280.0,338.9617239514586,409.480616935083,9.713855760125629,2850.280909335673
0.0,1750.0,1750.0,flank,1300.0,450.0,247.34586483771636,327.1582340452484,13.3897270738594,3114.5239752028433
27,3750.0,3750.0,crown,1300.0,20.0,290.60284506621883,358.680250816912,11.800423453510742,2750.7663164341698
35,1600.0,1600.0,crown,840.0,10.0,130.51547456001924,168.01389913531426,7.50041750772137,1453.0658721141851
35,,380.0,crown,300.0,30.0,204.22840310872664,246.65459766920313,2.9553451192200595,1695.5708825289512
0.0,680.0,680.0,other,320.0,200.0,67.23825331383355,84.81407582609884,1.8704084447123286,1103.7075846809755
0.0,1270.0,1270.0,crown,740.0,530.0,238.13851205881392,298.5719734222549,7.390373167869667,2148.49750885078
34,700.0,700.0,other,270.0,180.0,80.26585380347,101.61410179957306,2.4751886778446703,953.0061184013181
26,600.0,600.0,other,100.0,170.0,151.1670236700114,173.4912855798921,1.2091418035736785,1310.234733262877
27,1190.0,1190.0,crown,990.0,100.0,215.65212801971285,268.4067406040469,8.078235467553293,1983.0322294182668
24,600.0,600.0,other,290.0,220.0,43.56094485900487,55.996765086539085,2.6492214238595806,785.1404884822468
10,1000.0,1000.0,other,390.0,40.0,183.65725820350522,221.58605786880383,3.356974803096443,1638.5055192884736
31,1400.0,1400.0,,990.0,20.0,216.64498448867985,269.7745752342747,7.950940591221303,1756.0145158670232
25,4550.0,4550.0,other,0.0,150.0,,,,
38,1500.0,1500.0,flank,470.0,10.0,115.9433194841456,163.46479497642423,3.2655750315135172,1126.3778021619707
10,1000.0,1000.0,other,390.0,40.0,183.65725820350522,221.58605786880383,3.356974803096443,1638.5055192884736
35,1550.0,1550.0,crown,930.0,10.0,202.48546491018206,259.05657189194267,7.425892055908725,2188.347709172702
25,2650.0,1450.0,,670.0,30.0,162.28926231993253,202.58353471184677,4.989107309798349,1616.7903487950034
10,1000.0,1000.0,,390.0,40.0,183.65725820350522,221.58605786880383,3.356974803096443,1638.5055192884736
0.0,1000.0,1000.0,other,390.0,40.0,180.45637983352609,218.98950024658706,3.3340296885271967,1630.893772636034
32,6000.0,1200.0,crown,590.0,220.0,210.10981131502157,260.0993776899657,5.3853169461854105,1950.9670707717773
30,1450.0,1450.0,flank,450.0,300.0,255.62653474464045,305.8466017310511,4.564944743778691,2036.389063526606
0.0,600.0,600.0,flank,210.0,130.0,49.726759199890466,62.133895198475926,1.1881232522819931,732.0333529982996
36,1050.0,1050.0,flank,600.0,350.0,180.97883977720173,215.81643797893076,5.166070720928627,1595.195213307501
35,2050.0,2050.0,crown,1320.0,60.0,298.8733328475689,369.52602921507616,11.932470379626803,2697.1817328226584
35,930.0,930.0,crown,720.0,160.0,268.6259894740818,335.4041576978808,6.70188134218165,2322.2690752418007
33,1750.0,1750.0,flank,900.0,30.0,177.7974285840406,196.41151929990826,6.235708438481497,1542.8704074438817
9,810.0,810.0,other,500.0,60.0,113.02638047114205,142.46766921187123,3.58411231850724,1375.4334333341071
15,900.0,900.0,other,30.0,160.0,7.973480850532372,11.941650229091017,0.19089356386455003,256.2581844789732
31,1630.0,1630.0,crown,630.0,50.0,95.17034282097521,118.94495048599495,5.1193004811979055,1252.9907331904658
35,1500.0,1500.0,crown,1070.0,20.0,274.7243422497831,328.86385119301013,9.168110189239844,2269.236897376913
21,1120.0,1120.0,,770.0,90.0,273.25135970311527,334.7647705006371,7.530284172631932,2371.128759892825
10,1000.0,1000.0,other,390.0,40.0,183.65725820350522,221.58605786880383,3.356974803096443,1638.5055192884736
38,2090.0,2090.0,,760.0,150.0,220.11160436731086,273.487392144498,6.953367723372949,1999.6320947414185
0.0,1260.0,1260.0,flank,430.0,220.0,118.07491908882967,148.2552979285142,2.969661243092742,1483.3897263750564
32,840.0,840.0,,110.0,90.0,136.97870096878304,158.7110273419675,1.152594930197438,1212.9492238895116
35,2800.0,2800.0,other,570.0,50.0,380.6293681579523,465.15492162054795,6.471703861773046,2765.095098515074
40,2860.0,2860.0,crown,960.0,40.0,284.52117018601496,355.5109734584217,9.220654397517059,2336.34519816666
25,,1500.0,,1390.0,110.0,286.6691461805991,377.24742800009665,16.73666531028009,3816.9820217191896
30,,1000.0,crown,440.0,60.0,119.86909621550207,150.8735188948359,3.851505421309078,1318.831726519138
32,1450.0,1450.0,crown,970.0,30.0,274.783196559831,351.2180068216496,9.313390489514958,2557.462734244789
40,1180.0,1180.0,crown,800.0,20.0,107.08147057468622,147.37969711970075,8.735265000398979,1254.1094955589722
35,3000.0,3000.0,crown,1250.0,50.0,213.45370640364524,272.1780989254572,10.621130095869955,2177.044941833442
10,1000.0,1000.0,other,390.0,40.0,183.65725820350522,221.58605786880383,3.356974803096443,1638.5055192884736
27,1000.0,1000.0,flank,820.0,30.0,293.2488139400417,372.3168129320613,8.45459194785381,2641.3217648500713
35,850.0,850.0,crown,480.0,30.0,113.30106023865473,128.28891852354815,3.4965002241231398,1140.4979480712195
35,950.0,950.0,crown,650.0,20.0,100.2881701144887,128.00128544336098,6.440629611104343,1273.7156090525568
15,900.0,900.0,other,490.0,90.0,251.16016280327668,311.3759038129609,4.909486293147995,2336.7815744850127
36,1200.0,1200.0,flank,310.0,10.0,212.18595922514527,245.65620921360065,2.615923163889729,1538.5160579035237
27,1300.0,1300.0,crown,780.0,110.0,285.71436248245146,354.9113328047928,7.772641422033596,2402.7325611305137
15,900.0,900.0,other,190.0,140.0,121.41140079408895,146.41118942958448,1.4522119415281147,1007.8942091865099
32,430.0,430.0,other,240.0,90.0,190.626542424996,216.62785621176334,2.1409578309633495,1520.5130944888992
42,1200.0,1200.0,crown,500.0,10.0,120.79199322032937,145.59058795395134,4.59745125567097,1244.3151365533333
35,1410.0,1410.0,flank,730.0,350.0,254.07887561981727,322.740497160835,6.487552014930355,2357.5489051895074
37,860.0,860.0,crown,500.0,100.0,279.7342898683091,307.22948658834235,4.212133278056292,1980.4948274830183
35,750.0,750.0,crown,510.0,20.0,173.33329350792897,211.190918273227,4.316391166743854,1547.8183198937618
40,1130.0,1130.0,crown,1010.0,120.0,203.61473549406807,259.88058061780634,10.417933604765071,1979.9264410504893
37,2700.0,1000.0,crown,670.0,10.0,323.0577971899271,370.9637745043027,6.305879143041212,2317.8422000760856
42,920.0,920.0,crown,440.0,30.0,188.80253597088745,236.83090959732442,3.5143610012117823,1935.7806914753162
0.0,1430.0,1430.0,crown,950.0,480.0,167.8871432306727,215.3550708583433,7.170161707100315,1898.20060217718
0.0,1000.0,1000.0,crown,560.0,60.0,141.69721418102554,178.6931252556384,4.288164997508096,1611.5185861877621
30,750.0,750.0,flank,400.0,350.0,119.30605754735696,148.2007118155234,3.5177526019747747,1307.2146998033998
45,900.0,900.0,crown,330.0,10.0,106.90784792439962,133.7123937868363,3.0793272380269765,1092.7605565682475
33,1380.0,1380.0,flank,230.0,10.0,28.430795982970302,39.42492787246405,3.143884275174395,600.6009782046692
30,2650.0,2650.0,crown,380.0,350.0,85.40649796440024,108.64275778716835,3.3889045967198377,1055.6840954024156
37,1000.0,1000.0,other,450.0,450.0,148.43418064723002,183.9308233785715,3.581582758788629,1471.0030874658632
37,1550.0,1550.0,crown,650.0,10.0,148.15687425186482,183.13551499892694,5.857737430063779,1493.124123265932
36,1080.0,1080.0,crown,530.0,140.0,78.84070687044665,101.58858946123378,5.380214520105377,1064.0112640921475
38,1450.0,1450.0,crown,850.0,350.0,167.25782487669827,214.08889289535153,8.023364054632884,1621.9486953750693
39,1830.0,1830.0,crown,280.0,200.0,38.61248014280764,51.49555393889298,4.519844570203379,725.8086816328298
32,810.0,810.0,,470.0,340.0,123.14171173960295,151.27591756100355,3.87734352814267,1254.9210679005616
25,1020.0,1020.0,crown,260.0,50.0,84.41185073308012,99.55415383461616,1.803228822683131,977.0034807993148
15,900.0,900.0,other,490.0,90.0,251.16016280327668,311.3759038129609,4.909486293147995,2336.7815744850127
36,840.0,840.0,crown,640.0,200.0,271.57377936823,316.97851513923933,5.768975834611517,2055.4020663326546
24,540.0,540.0,flank,330.0,80.0,93.00814604528631,111.45054194766814,2.0134533405414987,1141.778961467445
28,3270.0,3270.0,flank,320.0,90.0,174.44464622913705,211.74725522819406,2.716044065996739,1681.3715125216268
0.0,1450.0,1450.0,flank,630.0,100.0,220.2159583889908,277.24246953002364,6.319261207609298,2129.107467606121
33,1420.0,1420.0,crown,1040.0,30.0,149.1798144016737,190.40339437659713,9.621984823862231,1628.7621096966755
25,2380.0,2380.0,crown,500.0,10.0,131.502003751782,164.3526634603811,4.098236057475962,1504.6563606353614
38,1300.0,1300.0,crown,450.0,20.0,148.86389330158707,180.7417913124321,4.033815854570765,1414.6265951906232
34,1420.0,1420.0,crown,680.0,260.0,226.14212809376218,283.1175496205198,6.043165878002533,2099.117588805578
44,1350.0,1350.0,,1200.0,150.0,282.8636504236263,351.456445511781,11.68676260846171,2311.8669304380087
33,1460.0,1460.0,crown,640.0,10.0,138.91424633093123,178.14810961488882,5.294874287987276,1386.9922660048649
35,3600.0,3600.0,crown,2260.0,30.0,212.0592673571001,271.82234230273775,19.497400249298785,3369.696862849589
35,3900.0,3900.0,other,220.0,20.0,218.97741491940764,259.8611291279997,2.291358410907316,1738.4141221058042
30,2100.0,2100.0,,335.0,5.0,192.22733532499035,225.36232279700295,2.797119433133222,1430.1472911236772
24,1600.0,1600.0,other,1100.0,500.0,283.99586532773355,369.14063035082796,10.6216070171756,2804.310742399404
36,1450.0,1450.0,flank,1330.0,120.0,250.1688105942184,308.3164157466108,11.59052090472439,2234.0891263443755
37,2580.0,2580.0,flank,1090.0,60.0,299.2646197761646,357.1454001158438,9.910425961892837,2428.8052375942443
25,2400.0,800.0,other,380.0,20.0,137.87280714867464,169.12042840679635,3.0199771592317197,1497.646836765885
33,1500.0,1500.0,flank,500.0,10.0,61.94689197029246,82.76659052775679,5.440544184455975,928.9190185705104
27,1440.0,1440.0,crown,560.0,30.0,170.40397619968377,207.72571278627476,4.533921782061521,1582.8993698393133
25,1170.0,1170.0,crown,640.0,10.0,242.09578099959677,294.89797315160376,6.062856949627586,1980.531193460537
0.0,,2000.0,crown,1800.0,30.0,143.54440785738157,193.71372160136886,13.73627302704692,2245.0205877231183
37,2430.0,2430.0,crown,800.0,10.0,228.731403461176,256.8619178046341,6.468587903114702,1835.9310713482653
25,1300.0,1300.0,other,260.0,20.0,100.8921060092462,114.00777189217548,1.8446795472434623,1033.8999355784283
31,1200.0,1200.0,other,200.0,200.0,58.22117740850492,73.5109704339985,1.7838161639804406,791.4404287438433
46,1720.0,1720.0,crown,679.0,1.0,400.7129131587838,490.9200325882683,6.399788002838763,2456.7509174800684
35,1180.0,1180.0,crown,430.0,10.0,208.37479847476064,241.5615120607015,3.769232950740082,1736.4939491493221
30,2200.0,2200.0,flank,700.0,50.0,151.024724864214,190.17970991316201,6.194592208362847,1562.5649730252928
0.0,1350.0,1350.0,flank,1100.0,250.0,207.45515655599428,267.565110899283,9.366613166933952,2300.4063939486946
34,1200.0,1200.0,crown,1100.0,100.0,249.1938399905296,307.8745481094909,8.86793109235472,2268.0065619701227
20,970.0,970.0,flank,470.0,30.0,247.39141401753048,302.55536576581386,5.0137181749786155,2106.9197981223756
0.0,1900.0,1900.0,flank,250.0,130.0,73.35147758878672,90.49026701512128,1.4604434058385272,921.4749575952463
36,2040.0,2040.0,crown,450.0,50.0,127.7840929843222,160.6020024459006,4.039883763104487,1311.268062234736
30,450.0,450.0,crown,410.0,40.0,117.2769058551113,147.18180104673735,3.7361224909621953,1338.3833148742724
25,1780.0,800.0,crown,350.0,150.0,69.94961171561022,90.77191703118865,2.73357978289915,899.792551657421
40,1800.0,1000.0,,300.0,10.0,80.77937876363843,101.7962906980878,3.0170847098349975,978.0882341608923
37,1650.0,1650.0,crown,650.0,10.0,129.2055748119204,165.30348632654324,6.2486830991648485,1371.5030243685862
47,2400.0,2000.0,other,600.0,20.0,183.2560477698408,220.59916522877975,5.655165837280219,1671.8826928426254
42,2490.0,2490.0,flank,730.0,10.0,484.73913143856566,597.7042960428199,8.26522302209953,3387.3552041335006
32,550.0,550.0,crown,450.0,100.0,242.7572219391864,299.77420213970396,4.422533992563879,1953.98214228547
31,2200.0,2200.0,crown,1200.0,5.0,331.44464417638676,388.27392762205716,11.033203850760927,2708.3739353455207
38,2500.0,2500.0,crown,950.0,50.0,285.20090846040824,350.96944949820625,7.990162137468849,2313.014164179577
39,1630.0,1630.0,crown,680.0,30.0,247.41056888013742,264.03497655104456,5.467234878681867,1828.3006613282582
33,1000.0,1000.0,crown,650.0,350.0,278.55726873612,353.49417255134426,5.781177856762957,2442.5665704225953
30,2200.0,2200.0,other,600.0,10.0,110.71272527022202,141.50902670183336,5.087760780275649,1266.3470852705573
45,1650.0,1650.0,crown,1010.0,140.0,143.59925327050289,180.21618639419503,10.1429466597524,1623.2506831704875
0.0,1800.0,1800.0,crown,800.0,200.0,177.14242300489065,226.30906799351308,6.017694635484471,2101.609745672123
22,750.0,750.0,other,250.0,60.0,236.74073636220172,281.0130891494285,3.0107037533143157,1890.7828266218114
35,3120.0,3120.0,other,420.0,60.0,106.99501131336694,135.58287150780183,3.8893003750841975,1180.0216574185076
35,2520.0,2520.0,crown,1010.0,10.0,284.4068704739791,362.82498260952536,8.883896260742517,2613.2405850110936
38,1640.0,1640.0,crown,1020.0,60.0,261.4517620631261,275.55230847211135,7.726317960884046,2031.5449846409906
11,1600.0,1400.0,other,660.0,6.0,86.91856024976094,110.56620179368912,4.097695468192072,1133.6484182978552
34,,930.0,flank,570.0,120.0,200.79063852017964,246.84895207682513,4.649614512787092,1868.6305468429307
35,3000.0,800.0,flank,600.0,50.0,159.16585973422923,198.2479077423048,5.387657371900068,1626.213717600702
35,,2130.0,crown,2100.0,30.0,174.16944161729373,272.9551087386941,20.875529034987892,3070.4948916020667
38,750.0,750.0,flank,420.0,10.0,114.22701601942529,143.77210143241842,4.206026797739785,1242.042561645172
30,3200.0,780.0,crown,430.0,30.0,77.61607389171685,99.60834493124207,4.048422880826576,1037.5480957813938
32,1000.0,1000.0,crown,480.0,110.0,218.89691280718313,265.3713567243,4.250596773265528,1880.5734248373901
40,1840.0,1840.0,crown,1430.0,410.0,303.2440725338653,371.3244397752451,12.865618607254188,2653.804424159608
37,1370.0,1370.0,crown,970.0,400.0,326.5256417997575,403.21751487664574,9.357032039845487,2708.3313152743
33,750.0,750.0,flank,0.0,100.0,,,,
34,1470.0,1470.0,crown,620.0,250.0,324.1134986852456,402.61033011761947,6.567022771939542,2533.25999906473
42,1000.0,1000.0,crown,590.0,10.0,199.97809018139603,249.87386866244032,5.603112516335292,1889.3843937753547
35,,800.0,crown,200.0,400.0,149.76823036645567,179.55678767995565,1.9121372983945346,1349.9494524789402
33,2400.0,2400.0,crown,710.0,50.0,194.8698790695442,242.4217453122223,6.136137977910364,1864.2208925415587
20,1410.0,1410.0,crown,380.0,10.0,177.7694296141999,218.1676518460609,3.5367065848020345,1711.1243297665026
36,2650.0,2650.0,crown,1180.0,50.0,247.28212161006138,311.69455623279737,10.658181278476437,2230.0409887321084
35,2450.0,2450.0,crown,560.0,10.0,121.29880967620934,153.78244433950476,5.060822420275445,1292.7124819733735
34,850.0,850.0,crown,550.0,60.0,254.6151972234309,309.6045582321724,5.055597633826562,2130.4944311314075
32,1600.0,1600.0,crown,0.0,100.0,,,,
37,2500.0,2500.0,crown,970.0,70.0,214.88490036207168,268.3689966074635,8.170331859400196,2023.7127443093896
36,1000.0,1000.0,,450.0,100.0,262.9174456376143,285.3931642875192,3.797517992893286,1863.5985008173907
38,1360.0,1360.0,crown,1010.0,350.0,243.14435354630675,281.86862385271525,8.320345605298984,1957.1667752892458
39,2550.0,2550.0,crown,540.0,10.0,234.95107179039522,291.2806772937947,5.24011409031504,1971.499475753274
43,2140.0,2140.0,crown,190.0,100.0,125.45771576825967,134.23190710747105,1.3674557741100934,1090.552631015151
18,1250.0,1250.0,other,1000.0,250.0,205.880448230569,264.52986183164205,8.341443718072139,2147.2088159384953
34,1050.0,1050.0,flank,700.0,60.0,187.1121981651211,227.29472544783687,5.41653543425587,1747.7191477676158
42,780.0,780.0,crown,480.0,300.0,201.70046591121152,230.13464249266082,3.9891596380368557,1676.4653757652839
40,700.0,700.0,crown,520.0,180.0,182.961675497761,204.12449202877812,4.235219763309593,1536.7765266022925
35,650.0,650.0,,500.0,150.0,114.25827490641358,143.95078146159136,4.167410021249568,1475.2229140742954
25,980.0,980.0,flank,220.0,50.0,122.73668652415606,148.57064650419017,1.9455248487158028,1217.5905628646924
35,1850.0,1850.0,flank,70.0,110.0,84.46597424616289,91.63511660739681,0.553664473645354,820.1790071030052
25,1000.0,1000.0,flank,400.0,20.0,94.99873217880784,119.91792476211243,3.120698474462527,1083.4520640371964
30,3340.0,3340.0,flank,40.0,600.0,83.6244581076398,93.95999503735891,0.460753120136926,845.378537847412
0.0,650.0,650.0,other,370.0,180.0,151.22518922887642,186.46719319676652,3.096304598976646,1525.7054956989157
42,1150.0,1150.0,,450.0,10.0,245.6420758938348,296.59661441512304,4.2513700967391355,1901.174913976507
47,3000.0,1600.0,crown,10.0,60.0,11.439578672680705,16.044595590270934,0.10731427608766042,216.30907286915988
0.0,900.0,900.0,crown,530.0,170.0,161.50207535570183,200.61615495004295,4.179559106826618,1593.6983001960893
33,820.0,820.0,crown,550.0,10.0,104.28215334861761,133.13073795416216,5.419746254558927,1242.286451368298
25,1710.0,1710.0,other,460.0,30.0,191.71205999808433,238.14267556413645,3.9184663876253394,1935.7918279741807
30,2520.0,2520.0,flank,280.0,770.0,111.57016344535162,119.44112386817218,1.784748908188877,1094.9152166843646
0.0,1840.0,1840.0,crown,380.0,450.0,164.40682878359644,204.42489990525596,3.627359106177939,1636.1124142520423
37,1160.0,1160.0,crown,555.0,15.0,256.335902528455,286.2202191825429,4.716790055281852,1894.0872282671064
34,2150.0,2150.0,crown,1820.0,330.0,220.43936684950356,292.7793759187404,16.040933851343503,2507.2899973769086
40,1080.0,1080.0,crown,400.0,270.0,122.663231309916,152.96929986344225,4.042000650073987,1302.5038104897571
29,1300.0,1300.0,flank,660.0,40.0,100.92159123578138,129.8558557933885,5.592044855224606,1206.492659367721
42,3150.0,3150.0,crown,1450.0,20.0,363.92028341976146,433.0856833060251,13.292934828939014,3100.297821387249
40,1100.0,1100.0,crown,690.0,10.0,273.65348316497204,313.6493327166235,5.706034415599303,2034.4607096344646
33,1340.0,1340.0,flank,820.0,250.0,171.07159076681623,215.7368962633387,7.427012018654415,1682.6470278233055
28,1050.0,1050.0,other,350.0,10.0,63.61044468675391,81.07186894082346,2.9710749377832837,981.4185047920464
35,1400.0,1400.0,crown,570.0,60.0,184.45465473543544,228.00290813031944,5.20782923367856,1758.2444540863778
20,1900.0,1900.0,crown,0.0,300.0,,,,
30,2850.0,1350.0,flank,550.0,250.0,229.18527243471775,262.9613540412719,4.851868347983828,1819.864937798378
35,1700.0,1214.0,flank,450.0,18.0,55.80289986342039,74.18338871857995,5.447011819015031,886.5069256068758
38,2550.0,2550.0,flank,1050.0,10.0,191.02380611904238,236.9383086779508,9.008624089654768,1860.2649718876448
15,,1000.0,,380.0,10.0,73.01063977016014,92.49600041011351,2.675679896595021,999.9987119102514
30,620.0,620.0,crown,420.0,200.0,101.13169494944592,127.35130903767276,3.8391365799470574,1256.8286034878295
32,1650.0,1200.0,other,250.0,200.0,102.34908572701043,115.40452870502168,1.8930041076574848,1003.6729554668173
23,3100.0,1400.0,other,400.0,100.0,75.04519319468741,94.73035718350627,2.6055558085999904,1076.3857010570014
0.0,3400.0,3400.0,other,1700.0,20.0,232.70976694747299,303.68454144921384,18.62510595323064,3620.9805253186432
30,1030.0,1030.0,,590.0,40.0,250.529214230507,313.0378128721715,5.423041470263531,2242.6218538953476
34,1090.0,1090.0,flank,280.0,210.0,271.78392298085186,316.3952036151068,3.0372160811520597,1973.532799331249
29,1800.0,1800.0,crown,120.0,130.0,105.77547680593621,125.81429355279661,1.1444795008159767,1062.2950598143896
0.0,2900.0,2900.0,flank,700.0,350.0,134.68683267494484,171.41275220499222,5.233323235010035,1584.4056728212115
38,1250.0,1250.0,crown,390.0,20.0,68.25159734171527,89.19268207614414,4.662384472077443,967.9842355601905
32,1230.0,1230.0,flank,60.0,620.0,51.014014932585546,61.020611366919,0.5375525015201835,645.8367944373581
35,1040.0,1040.0,crown,770.0,30.0,246.17271618136672,299.18864903442244,6.150143102467871,2025.1437591870315
39,870.0,870.0,crown,500.0,170.0,224.55143337609857,248.8818361052907,4.171155371123271,1736.0136142866056
41,2050.0,2050.0,crown,340.0,10.0,342.1047055559293,400.76175620294225,3.671731966598424,2290.677330403582
40,1300.0,1300.0,crown,490.0,10.0,139.18898237293726,150.51480193212137,3.684604520452535,1266.6793451956714
36,1940.0,1940.0,other,210.0,30.0,31.291534193808566,40.62534581941304,2.795942903289522,678.8700432229035
20,600.0,600.0,crown,120.0,30.0,83.19610352806527,100.45381089198631,1.0001394696051398,1020.9704504451036
40,3550.0,1350.0,crown,1100.0,170.0,320.7272602697199,409.15981542860993,10.375973415945243,2809.909798698981
33,1420.0,1420.0,crown,1040.0,30.0,149.1798144016737,190.40339437659713,9.621984823862231,1628.7621096966755
41,2450.0,1420.0,crown,780.0,20.0,177.822444140761,218.50377814043185,7.267836283221956,1651.3643559931063
38,2900.0,1430.0,crown,470.0,10.0,186.43861204663668,221.53143628185416,4.1857431217227345,1605.956260450876
37,1850.0,1850.0,crown,1160.0,20.0,188.57300212007314,239.4175042383344,10.70924429832279,1898.9139068457116
38,1200.0,1200.0,crown,700.0,130.0,201.22062121968716,240.81351722630927,5.729862152732352,1724.470638776139
25,900.0,900.0,crown,220.0,40.0,177.75070278444468,208.33610477882033,2.278479895865876,1516.5952054392474
40,1930.0,1930.0,crown,710.0,10.0,125.97536389562123,162.3998055684832,7.330702015975202,1365.3520447176982
23,5450.0,2400.0,other,1250.0,20.0,185.84645979139842,241.96167762044124,8.955677260693838,2302.9455573852474
23,2450.0,1450.0,other,400.0,210.0,96.79428807328881,121.94839647790089,3.2625809725725126,1254.4332063306026
36,1400.0,1400.0,crown,750.0,20.0,260.2845156300663,316.10151644784605,6.656119466305375,2070.021967878122
30,600.0,600.0,flank,400.0,200.0,280.58667744903903,335.453754736505,4.359270452987971,2074.3289296732814
17,1400.0,1400.0,other,1250.0,150.0,303.5689960472194,380.05174456488515,12.192089312218473,2923.246748169505
30,1220.0,1220.0,flank,220.0,50.0,82.24569106216464,102.4656114862166,1.9830178918273453,1019.3030865204469
25,850.0,850.0,flank,450.0,20.0,76.97413055126987,98.01009301623091,3.6013457879253545,1040.0268685832311
0.0,1300.0,1300.0,crown,450.0,20.0,115.09311616631912,144.02009621996672,3.1715241884531435,1310.695420196591
35,,1320.0,crown,1200.0,20.0,226.41487035324417,290.223677364454,11.25220347006463,2217.995581581872
41,2450.0,1420.0,crown,780.0,20.0,177.822444140761,218.50377814043185,7.267836283221956,1651.3643559931063
38,900.0,900.0,flank,530.0,70.0,292.1377544087426,362.71227329668073,5.164062843417717,2319.5189851343116
25,,800.0,crown,400.0,100.0,71.17552276987654,90.67020478800694,3.2191307371511155,989.9602570991362
35,1100.0,1100.0,,800.0,20.0,152.90948624691296,193.4854706146736,7.37954159919399,1569.6659612209082
35,1680.0,1250.0,flank,510.0,50.0,71.98552029866073,96.09131112958147,5.578736341261741,998.0512715891592
33,2000.0,2000.0,flank,200.0,250.0,17.898240126845888,25.32146530445472,3.5567046841210344,495.34170260826386
22,,650.0,flank,270.0,10.0,66.7651610067975,84.03412638205178,1.9859813651525358,1047.3661076010894
30,1640.0,1000.0,crown,480.0,5.0,27.415346013557865,36.8132342608495,8.403403062323608,623.7693681335359
40,1450.0,1450.0,crown,500.0,400.0,69.20745278361781,90.16752376586626,6.98426495286849,1018.1893022995491
32,1040.0,1040.0,crown,760.0,20.0,269.2257463779443,331.47450520890084,6.820872001893349,2325.3284753877983
0.0,1300.0,1300.0,other,950.0,230.0,154.31677202095892,197.6185254199553,6.92287763694381,1643.4101422178076
46,3550.0,2000.0,crown,1190.0,240.0,230.62535948664285,270.8713427827024,10.815515517020266,1934.3807232284414
22,1700.0,1200.0,flank,90.0,10.0,102.01336727623014,119.59781561163953,0.9360413074077769,1027.5036180063744
27,2370.0,2370.0,flank,2120.0,250.0,76.75706365317997,120.57305387567001,22.272712826710702,3795.323942841611
38,1170.0,1170.0,flank,540.0,30.0,119.4342229459074,151.63699605390187,5.202132188906223,1288.5941245900988
35,1300.0,1300.0,crown,450.0,50.0,154.7019237443025,193.48967310526336,4.028609114631264,1661.9470587019043
38,3380.0,3380.0,crown,930.0,10.0,354.1375102376356,451.99804206597946,9.596399884849921,2807.61263651619
34,700.0,700.0,other,220.0,100.0,142.78539026135377,165.961348497293,1.744464566703909,1336.0748593811825
30,490.0,490.0,other,0.0,30.0,,,,
40,750.0,750.0,crown,600.0,10.0,163.58269302128969,203.89887778155867,5.792653590365592,1544.53095226522
0.0,920.0,920.0,flank,440.0,30.0,151.04053207667263,184.30549457301936,3.089382706280266,1457.5370692682222
37,800.0,800.0,crown,580.0,40.0,195.50011630459144,241.41770496166623,4.985028329267692,1784.1496168125539
39,1010.0,1010.0,crown,570.0,120.0,184.24494770056717,219.3742315139283,4.779101732744375,1601.0565868276449
26,1400.0,1400.0,crown,840.0,80.0,295.0262576002156,358.8331587003603,8.216208669959606,2294.97563346349
37,960.0,960.0,other,810.0,150.0,393.7806485752142,496.2331969763534,8.758339749013828,2950.5830860639103
30,1300.0,1300.0,flank,920.0,100.0,213.67841748648073,270.70573622804704,8.193246703444668,2098.541693225415
30,660.0,660.0,flank,160.0,210.0,15.457721563343856,22.010129347981383,2.450624920301669,454.2592820363358
35,1100.0,1100.0,flank,880.0,120.0,172.51461801415704,219.29230837254835,7.839505246177889,1630.846510680083
38,1700.0,1700.0,crown,730.0,140.0,182.8440105416428,225.34307868767422,6.741371472505879,1671.0751158092157
23,1900.0,1900.0,crown,800.0,300.0,208.07405411169594,260.8779252755005,6.389485349683417,2079.0365067588455
20,1650.0,1000.0,crown,410.0,60.0,162.1021923566625,201.6087148536788,3.709941611825499,1666.5627118250618
42,1240.0,1240.0,crown,1030.0,60.0,324.2385526930797,368.85984514254005,9.191806604851546,2418.20037770703
38,1800.0,1800.0,flank,150.0,20.0,110.75007816744419,132.6767212220119,1.3556510673834836,1022.9253532029688
30,3000.0,1200.0,,250.0,10.0,43.89960469874414,57.583103980968836,2.59595956203096,739.863496458795
0.0,1400.0,1400.0,crown,700.0,30.0,154.0826044644707,194.45315906637836,5.235062762794758,1636.20708036977
38,1350.0,1350.0,crown,650.0,100.0,113.11322218897104,144.1634368370971,6.512848185290027,1296.1286970288393
31,1420.0,1420.0,other,440.0,500.0,43.87755715798102,57.23313676750389,5.73691866238334,806.1048758086496
38,3800.0,3800.0,crown,1050.0,50.0,204.36565606383743,258.84524410058657,9.322341374353478,2046.4600734364556
34,,780.0,crown,440.0,90.0,135.3152968506497,161.40412572660833,3.366343586858944,1266.984007722077
35,1980.0,1980.0,crown,760.0,30.0,296.7026221826302,351.4646651461751,6.942706924634612,2324.336315457306
42,2200.0,2200.0,crown,1050.0,10.0,369.841709265872,425.02349635049313,9.562918633147245,2719.780249899634
40,1450.0,1450.0,crown,540.0,10.0,201.49700255904747,251.15745400273227,4.997289318277278,1848.5294434277992
30,460.0,460.0,crown,280.0,160.0,65.13872571235447,82.7416473311441,2.50140750824914,893.6640223739262
20,1120.0,1120.0,crown,440.0,10.0,65.36833205812766,83.29237738361584,3.4623007769913263,999.9678580782736
33,2700.0,2700.0,crown,590.0,370.0,77.84424410190653,100.51820942229354,5.69340918220762,1060.7360327201823
37,2350.0,2350.0,flank,880.0,50.0,279.91250255193825,352.3125273819249,7.713819575509911,2488.549131833161
26,1850.0,1850.0,flank,1260.0,70.0,206.89403044778118,263.18299629752494,10.504699717341733,2062.3593144713072
37,1370.0,1370.0,crown,320.0,10.0,188.84196452970997,233.77146049731633,2.5952533062621366,1891.5834276786384
30,400.0,400.0,crown,230.0,170.0,113.76755350136689,122.76469631810812,1.6482497278873125,995.7945308728689
35,2350.0,1000.0,crown,700.0,30.0,115.63243158284695,147.23317163782914,6.854485705317782,1345.7029043692564
31,1520.0,1520.0,other,910.0,150.0,177.29489576209954,220.450035975003,7.7406504971670484,1704.4271337931807
30,2400.0,2400.0,flank,50.0,150.0,15.158128912908355,20.936564194756336,0.5121821937147332,364.4294284165567
40,1020.0,1020.0,crown,450.0,20.0,163.57908205412375,189.03298163559867,3.7513250901162296,1418.3209121391874
34,1800.0,1800.0,flank,250.0,20.0,32.78560340301313,46.36331361212925,3.155426575529729,633.8413563525237
32,900.0,900.0,crown,600.0,10.0,140.3326141480938,174.1485429376068,4.48743350662328,1479.1441397171868
34,1510.0,1510.0,other,560.0,80.0,193.71233479543343,214.58317178961164,4.306450185088848,1670.1477530463535
35,1700.0,1700.0,flank,1120.0,92.0,322.816619348171,403.7550447909296,10.050528225414284,2741.7862689244002
39,1230.0,1230.0,flank,540.0,20.0,157.9959254769401,174.44060697939358,4.110707816190377,1493.0012470150166
31,890.0,890.0,crown,390.0,20.0,69.24347363994322,88.5467401687082,3.9157043119645056,1007.3277641472055
38,1190.0,1190.0,crown,540.0,30.0,201.4480818068335,250.1138267845385,5.0861181825709085,1862.8759098311127
35,1570.0,1570.0,crown,275.0,5.0,160.3434993805222,198.4926079581109,2.3539848794892024,1506.35863288335
30,4500.0,1242.0,,698.0,24.0,69.08314898280045,91.6273029445247,6.9239796490947025,1014.1228570233408
38,2200.0,800.0,crown,280.0,20.0,57.31857289992359,74.7304188285355,3.334031712397022,856.4377821011253
39,1070.0,1070.0,crown,420.0,30.0,183.36122253645908,222.45871690518663,3.823933495719516,1579.4173086057028
22,1250.0,1250.0,flank,650.0,200.0,379.78997859400295,463.2028361973147,7.292262415603153,3107.8934684436613
40,1600.0,1600.0,crown,440.0,20.0,165.52132203685167,198.49359571714612,4.02819189035438,1478.2630880700285
15,850.0,850.0,other,450.0,230.0,221.0131677755774,258.7731811567661,4.2514730317536475,1754.572079415148
20,1200.0,1200.0,crown,150.0,190.0,159.79187756113427,188.164006045895,1.7129805134991427,1417.0654281526836
45,1350.0,1350.0,other,450.0,10.0,129.53178413203872,163.74631149011364,4.919472777628546,1301.5031796267053
38,1230.0,1230.0,crown,610.0,20.0,198.40723082706128,243.19296457753248,5.623633265283047,1714.1074116681905
28,1930.0,1930.0,,1050.0,230.0,165.75606645390434,209.63994457978583,8.669249378474397,1749.722156109092
45,1450.0,1450.0,crown,870.0,10.0,244.47455533233253,302.93835329110357,8.668483314277559,2047.3967807401464
21,1780.0,1080.0,crown,1050.0,30.0,302.18412775716155,386.05663824112787,10.749645959740663,2916.91556490224
30,750.0,750.0,flank,410.0,20.0,109.28690711950273,122.56095729265222,2.8965162898985186,1143.3814121757798
30,800.0,800.0,flank,440.0,10.0,90.45734388077996,113.82677009974537,3.95152248975526,1184.8286914402688
0.0,2450.0,2450.0,crown,1300.0,20.0,179.8150851089233,234.65736906212703,10.420247478497958,2130.082860299701
39,1710.0,1710.0,crown,1140.0,20.0,251.74555005770426,311.5643891481217,10.543342362827696,2173.654088767986
32,4000.0,1100.0,other,200.0,50.0,111.10305378104813,119.49994984626755,1.428433280331081,1052.7866430250967
38,1300.0,1300.0,crown,470.0,10.0,102.9151404231551,129.81676491151893,4.748105125377976,1334.9955187684452
29,1250.0,1250.0,other,900.0,70.0,207.75813929524082,247.4339333196976,6.863954372122663,1851.6679239392802
35,1150.0,1150.0,crown,650.0,150.0,95.06587360246174,121.62571437061237,7.264311143198976,1216.671722590462
40,4350.0,1400.0,crown,600.0,30.0,129.639328268902,164.1194016598748,6.589916968089709,1437.0719743324275
31,1600.0,1600.0,flank,320.0,20.0,43.52996606339267,56.8062868897338,3.7910963806787326,783.4581720393123
34,920.0,920.0,crown,500.0,20.0,77.78845241410997,101.48964524818584,4.880228071153495,1072.1025076057517
38,1800.0,1800.0,flank,1570.0,230.0,329.81206833668574,352.0738796961339,12.756436503957858,2534.0223718433494
35,3250.0,3250.0,crown,2650.0,20.0,0.0,0.0,29.966848197729938,4067.3015417252864
40,1700.0,550.0,flank,450.0,50.0,197.45635748134495,242.6294404848515,4.052727664938019,1785.0292113539651
30,,1600.0,crown,400.0,50.0,163.0341180706007,194.56655241909075,2.9920105263946475,1543.446985542228
33,1510.0,1510.0,crown,1070.0,290.0,274.9872130327253,319.45360541848277,8.925275238919875,2271.368416891808
30,1540.0,1540.0,flank,640.0,400.0,306.63618550807223,387.0701658827086,6.594630448313875,2609.504513995919
35,2180.0,2180.0,flank,930.0,10.0,238.6666270961806,288.0286949211554,7.995881244928526,2044.0523349755902
35,3200.0,1250.0,crown,800.0,10.0,360.10316446118645,457.85565647164475,8.456534110088585,2998.333335365921
25,3500.0,900.0,crown,380.0,140.0,211.71554779847358,258.6016770810387,3.8282499577493283,1860.0079137227553
18,700.0,700.0,crown,450.0,40.0,141.00657547032426,173.1793806960136,3.5244619775841706,1350.4916625634467
45,2100.0,2100.0,crown,690.0,100.0,129.79731390475894,164.71512047174355,7.692641778953388,1379.3413900906874
44,1040.0,1040.0,crown,410.0,200.0,179.6208843696214,217.97560018792706,3.9895790450617183,1578.785049203212
34,750.0,750.0,flank,510.0,240.0,174.15015748413055,186.59523981366814,3.8638601285675414,1501.5401551756256
32,2680.0,1550.0,other,250.0,220.0,20.001166528910364,27.845337403737666,4.4167675446718455,529.6725014019083
36,710.0,710.0,crown,520.0,190.0,138.61734153923553,177.00666298336512,3.9181696675270867,1381.9636673578514
30,750.0,750.0,crown,460.0,40.0,173.59174367651252,211.9292005542114,4.066751477665839,1590.778958812078
25,1200.0,1200.0,flank,800.0,100.0,135.4165615985203,172.7543062695459,6.94325762777099,1595.3744862625972
33,1570.0,1570.0,crown,470.0,20.0,77.4283463798803,101.27948119201022,4.751529145923607,1021.4475706784498
20,1250.0,1250.0,other,530.0,10.0,125.05136431538257,157.92993557684065,4.086261017681741,1479.3909288797308
26,830.0,830.0,flank,30.0,40.0,56.90831076504592,64.4623645345522,0.32136170380341944,656.4151253688956
35,960.0,960.0,crown,480.0,90.0,47.807604981091856,64.47281843412136,6.231992530358489,825.0670876846243
34,700.0,700.0,other,300.0,150.0,135.95271296353732,150.6004477821524,2.3548395097124293,1190.2710492376063
40,1500.0,1200.0,crown,900.0,20.0,299.30129578802547,376.7162774310102,8.428805458654121,2522.593262012875
20,1300.0,1266.0,,698.0,106.0,184.53826023451458,228.2187727943703,5.367366063647259,1708.0222321698689
38,1160.0,1160.0,crown,490.0,10.0,117.47981630884456,150.69572141599303,4.628033956042895,1223.2013875381135
37,1750.0,1750.0,crown,520.0,20.0,153.07167387391254,163.68378061492763,3.554044260655901,1418.73930086944
35,3000.0,1210.0,flank,242.0,30.0,17.027508385312814,24.286866072476748,5.385329776248755,504.357147603281
25,930.0,930.0,flank,500.0,60.0,102.4734797805012,128.16621555049161,3.180653426291465,1419.694992160732
42,1350.0,1350.0,crown,650.0,10.0,342.6366997379401,403.05632349159487,6.356197869997078,2387.8997015939176
40,1540.0,1540.0,crown,1060.0,40.0,306.8387547737746,358.3265749984938,9.228706183600758,2439.701446147824
32,300.0,300.0,flank,100.0,50.0,21.128872891908053,28.610117507152957,1.196920201901293,479.90753151506124
15,,600.0,other,20.0,430.0,29.830725649684787,32.92650096842007,0.15895591896368477,401.2991772799083
17,600.0,600.0,flank,440.0,160.0,182.3807046111545,204.42156415364582,3.108124875887714,1466.1927129079934
38,1670.0,1670.0,crown,740.0,10.0,179.00268019901307,221.37291177453776,6.713306967937582,1664.2065804490862
32,1270.0,1270.0,crown,660.0,10.0,156.56033618792307,196.38680505841324,5.664035987847955,1712.8456089870904
33,1790.0,1790.0,crown,930.0,10.0,211.4381357776734,266.64279533448905,8.379028276751278,1982.2550801218777
25,1300.0,1300.0,crown,990.0,310.0,287.7345463387036,366.10524236809727,9.038550877435219,2660.4340630844736
36,1250.0,1250.0,crown,790.0,30.0,91.35812344306267,118.80389587018746,9.203142146226265,1197.9796190727336
31,1450.0,1450.0,crown,380.0,10.0,140.11558691914425,171.05988851805128,3.3547596489130562,1378.4900743020742
30,2500.0,2500.0,flank,180.0,170.0,40.876800232436224,52.74574244055114,1.49073981345619,629.4924403121803
30,2400.0,2400.0,crown,700.0,10.0,156.45149722541206,193.67461620334046,5.698594052458875,1525.6590226684425
35,2270.0,2270.0,flank,1220.0,40.0,273.92578811054176,333.5032259008059,10.460487646191101,2392.560953817256
29,1450.0,1450.0,crown,710.0,30.0,160.1440151188615,201.0774079383756,5.954675020174454,1518.7132966740196
32,1400.0,1400.0,crown,790.0,20.0,258.6019954122233,296.63451385249056,6.4949453597483595,2004.2495109617519
30,1970.0,1970.0,crown,360.0,50.0,302.7826251450065,362.26691824585146,4.1878952482300935,2250.4544215505002
38,2300.0,2300.0,crown,730.0,10.0,116.29192078989352,147.04472443913326,6.749536521243691,1357.3931922205716
38,870.0,870.0,crown,300.0,20.0,55.055955841612,72.72043614622841,3.61104337809543,840.7301159275734
28,1930.0,1930.0,flank,1280.0,50.0,191.3850576583248,241.99585727009273,10.159511217726516,1925.228835325733
20,2350.0,2350.0,other,100.0,10.0,11.180326245380229,16.1172755316978,0.9338846990277141,372.3065974822745
17,1950.0,1950.0,flank,1150.0,800.0,286.3897108385442,367.8865841590046,11.350887417695397,2890.505623915821
37,1110.0,1110.0,crown,680.0,40.0,276.53947478076293,337.0226108904741,6.415300769910218,2219.693072741667
28,1210.0,1210.0,other,530.0,80.0,225.97550757732387,277.9486329995711,4.52085357674409,2059.2419165489105
35,900.0,900.0,crown,720.0,180.0,154.42186324803853,191.11501070410878,5.847229946342605,1597.01607021188
35,1360.0,1360.0,flank,940.0,20.0,234.4480591617184,296.8755071952256,8.056800573294082,2189.0533205407396
37,1180.0,1180.0,crown,510.0,70.0,195.65529400894243,238.50755313825331,4.638798418578105,1674.2000127477274
41,,2000.0,crown,850.0,50.0,348.02547532104626,418.7323819944414,8.160234889464762,2527.5623270833303
34,2800.0,300.0,crown,105.0,15.0,141.86076740446543,160.60497848869676,1.0742013363473002,1210.3987307921395
31,1710.0,1100.0,flank,300.0,110.0,111.082844760018,137.9181928358201,2.673143796772185,1218.6300416325741
0.0,1810.0,1810.0,crown,690.0,20.0,163.55521372693852,205.80928991290682,5.238889121046436,1627.9506154562976
30,2300.0,2300.0,flank,740.0,110.0,198.3953788466102,250.55759744425148,5.942172669801087,2095.000663142571
32,2100.0,734.0,,590.0,102.0,125.49621911850672,136.07132837384074,3.895823834967035,1289.0515466514837
34,2150.0,2150.0,flank,1200.0,80.0,378.9193525476476,474.6173037276286,12.522099017317913,3566.9616557796007
5,1100.0,1100.0,,300.0,60.0,70.3201204832088,87.65104295063908,1.7580795652426422,881.220669455096
25,,1000.0,crown,500.0,200.0,155.37551527780647,195.42164818352177,4.379361105840159,1588.0046871395402
25,3100.0,1000.0,other,550.0,100.0,132.88891645773754,164.66805499501368,4.088450028078179,1274.8818128485736
33,800.0,800.0,flank,370.0,100.0,276.285126872563,332.50107276340907,3.8239155414687414,2060.7378036097957
39,800.0,800.0,flank,500.0,200.0,208.8186263519841,243.47660451765933,4.357679042201725,1613.3670108016963
25,2620.0,700.0,crown,500.0,20.0,136.83945298004423,168.97926871400153,4.024164331331582,1380.4857162704243
41,1530.0,1530.0,crown,360.0,30.0,68.27598315478784,89.72411815846336,4.560676895434261,954.7965115212347
40,1800.0,1800.0,flank,950.0,40.0,323.81221142491717,404.70409492113913,8.397789183106068,2657.447922564241
40,1400.0,1400.0,crown,600.0,10.0,201.42931119770284,245.79183025487322,5.153227981535664,1856.4857463666544
39,1490.0,1490.0,crown,760.0,130.0,175.06269127201145,220.77003842216453,7.630651940243375,1708.1342955230957
25,760.0,760.0,flank,290.0,10.0,111.3338188458769,137.6188337807098,2.420731124306601,1205.6260233173819
40,1470.0,1470.0,flank,380.0,140.0,114.9522634441564,137.04500238129822,3.4670073054796413,1211.1577987687845
32,2200.0,700.0,crown,510.0,30.0,254.38004424002818,315.67796499575593,4.721185888004265,2137.564514878551
38,1320.0,1320.0,crown,600.0,40.0,346.08668588303306,407.43120578290404,5.828896662158238,2435.8268858278807
40,4460.0,2000.0,crown,1670.0,20.0,224.4109428167217,291.0758129407177,15.466752405812503,2291.946263250977
15,4150.0,1600.0,flank,1050.0,10.0,158.56612536853856,203.73705029019024,8.114483176278362,1819.5140175365145
32,865.0,865.0,flank,365.0,100.0,114.27645008492193,142.99817300213982,2.9931381947533797,1438.249907563874
40,,950.0,flank,160.0,340.0,59.05193586864302,74.46988307958122,1.7624959746053281,808.4285001529129
0.0,4500.0,1400.0,flank,750.0,30.0,92.82887033943034,118.19771332784623,4.318402880844269,1263.9229080042599
0.0,1700.0,1700.0,crown,1030.0,30.0,250.55522319911526,318.1118481319734,9.462217200272734,2447.1835081735794
35,1950.0,1250.0,crown,850.0,100.0,252.66355899783846,287.2807335204333,7.195734436538549,1951.6334494779705
20,1600.0,1100.0,crown,750.0,10.0,203.4998685195967,243.85144309558785,5.6544847586574125,1736.3777562145212
30,1210.0,1210.0,crown,470.0,160.0,191.5219688134087,236.271642602009,4.337403288062399,1800.4930470916045
37,1100.0,1100.0,crown,670.0,30.0,324.5197552464065,399.35538938135994,6.699669908903498,2389.2498204752783
42,3650.0,1480.0,crown,940.0,20.0,294.3085816139397,314.17396179362396,7.828021127910176,2105.415768897192
20,2800.0,1450.0,crown,560.0,60.0,323.3682796744337,398.72706251667785,6.800243069772953,2629.1458506368795
0.0,2400.0,490.0,other,320.0,10.0,127.80093223824963,159.0646565059243,2.772455952142714,1349.2261250734684
34,560.0,560.0,flank,310.0,100.0,98.63142522300676,123.6014177224726,2.7974063745526965,1265.0696972891276
44,2000.0,2000.0,crown,1300.0,30.0,381.3060991897215,445.1733580539725,12.263127641931789,2990.1163797652393
34,1600.0,1600.0,crown,800.0,100.0,173.3115130232421,220.0410951583259,7.684901749042177,1796.4686981813652
47,2580.0,800.0,crown,600.0,100.0,123.32027723510431,157.62354653944715,7.0267244531857385,1324.1958958756675
0.0,1200.0,1200.0,other,600.0,10.0,74.26479905988374,94.56033879905675,3.6052409843693893,1127.2664670366482
0.0,3250.0,1600.0,flank,900.0,700.0,154.6905524034803,196.6823716382275,6.274147204691319,1642.0784047147358
28,600.0,600.0,crown,460.0,140.0,174.69719490813853,197.03447683556982,3.49864760803064,1501.8459944051922
35,2350.0,590.0,crown,230.0,20.0,205.57178525835198,229.47521422788077,2.169519382017163,1614.1587633861045
20,2250.0,1300.0,other,560.0,40.0,72.3441859054818,92.66623909703819,4.3536843415213795,1049.2710419161288
31,2850.0,2850.0,crown,1110.0,10.0,190.99788482449645,240.86577251196255,8.687884887729501,1847.6158805115276
25,1250.0,1250.0,other,600.0,50.0,107.76220286496445,136.48934093253672,5.070415391089813,1386.9753483424627
40,1850.0,1850.0,,650.0,100.0,290.3759911797637,366.8988555350519,6.302358421003768,2370.417030327429
30,1890.0,1890.0,flank,620.0,20.0,74.35016283840795,95.213043614366,5.74838227868001,1063.6504002337656
20,690.0,690.0,flank,470.0,10.0,129.2092255218875,160.1871846585916,3.713214801405422,1356.6842855730642
33,1040.0,1040.0,crown,300.0,40.0,110.86959143696693,135.5915682148164,2.637967381875256,1215.3868521081438
35,1500.0,1500.0,crown,400.0,10.0,43.76635471357633,57.50172152362124,5.9123099112643,797.4303204425237
38,2200.0,800.0,crown,280.0,20.0,114.04721616452761,140.72945477227304,2.6907396595768818,1185.3120973289056
35,3000.0,3000.0,flank,900.0,500.0,295.5600039564438,367.86234406004405,8.019739037877635,2544.2948441131766
38,600.0,600.0,crown,240.0,10.0,168.60903593911524,202.45340987608589,2.2488834526370587,1456.5005670376559
30,1200.0,1200.0,flank,750.0,230.0,288.69203311974394,338.3670090676516,6.800592677929409,2210.26223982743
28,1000.0,1000.0,crown,230.0,120.0,155.49441225397177,171.67872888877628,1.8340086763077612,1288.1404144837395
25,900.0,900.0,crown,370.0,20.0,61.50619314673664,78.46499425858477,3.0317930021785777,921.7166354899488
28,910.0,910.0,other,340.0,30.0,81.53852848653526,103.47385580416025,2.840039301290435,1000.4825516054088
35,1350.0,1350.0,flank,700.0,80.0,227.16304065712964,286.7503575414159,6.3744630435102465,2124.9595747103235
15,580.0,580.0,,380.0,5.0,119.59179302391713,147.68060883965117,2.8864459057159397,1238.4638490885363
30,4600.0,1600.0,other,310.0,120.0,158.28428503589117,196.3295127903126,2.552463871811003,1477.7291350361074
42,1500.0,1500.0,crown,1050.0,250.0,387.6455250386361,503.27457300443007,10.699204791311477,3028.3837172750414
28,1850.0,1850.0,crown,830.0,40.0,123.3840496626831,150.0313594996837,5.784017914019358,1401.7892789486243
20,1200.0,1200.0,crown,150.0,190.0,159.79187756113427,188.164006045895,1.7129805134991427,1417.0654281526836
33,1420.0,1420.0,crown,610.0,10.0,216.37496978582,246.21818110319117,5.099489518075124,1784.7136498769246
36,470.0,470.0,crown,200.0,40.0,33.84699728188242,46.171960733641995,2.5391515194227816,634.870225968048
28,3030.0,3030.0,flank,720.0,10.0,178.31428771129495,222.26118475760234,6.211883885962241,1703.37330552146
30,3500.0,1400.0,crown,1060.0,10.0,223.86598035733593,279.5854358394396,8.82333330726592,2115.2163907647628
37,950.0,950.0,flank,800.0,150.0,96.84076434402195,123.48314574496405,9.89615782107241,1282.2821975397308
0.0,1520.0,1520.0,other,1070.0,450.0,205.22268912583183,260.7441069130049,8.24895673050446,2074.9458554206376
33,2800.0,2800.0,flank,250.0,400.0,21.034799460303343,30.29758330125838,4.279325216156402,535.3702595235659
23,1200.0,1200.0,flank,950.0,90.0,173.25275987619898,221.76236944551505,7.969088020651946,1922.8274262313037
0.0,1050.0,1050.0,crown,150.0,50.0,139.27411371758103,166.50834889567045,1.6420305789027139,1367.6510639960948
30,1900.0,1900.0,flank,460.0,80.0,99.06367831370983,124.32431164699736,3.9899220773030524,1180.3802557727818
25,1120.0,1120.0,other,480.0,10.0,96.99897054639442,122.91600139620562,4.003687308199295,1191.26623113728
45,790.0,790.0,crown,350.0,20.0,370.4486122260751,430.9161406008003,3.6499746396328314,2364.7219794522457
37,950.0,950.0,crown,490.0,10.0,160.31109551318903,199.03898421466747,4.112420785635102,1509.008660003526
20,900.0,900.0,other,650.0,70.0,70.34596445071105,90.17104070409387,5.047217390814287,1061.495595689585
33,1870.0,1870.0,crown,1220.0,30.0,266.9497956476111,351.6229339545878,11.710653407975457,2695.349615721956
35,1130.0,1130.0,crown,610.0,60.0,144.52659877291617,180.32251345947424,5.59585888303661,1512.8413474813156
28,1350.0,1350.0,other,1200.0,150.0,223.79904203920375,289.19046123112855,9.944443112053897,2361.2827230806306
38,1200.0,1200.0,,928.0,74.0,345.14856712949125,385.70257578835384,8.12786502567156,2473.3775018881265
24,670.0,670.0,other,570.0,100.0,161.23571888516938,202.00575087748012,4.611836043563549,1564.477836851385
0.0,1150.0,1150.0,crown,1050.0,100.0,193.42138934939226,248.6395126911708,8.041978633616736,1876.570226673047
31,1120.0,1120.0,crown,530.0,30.0,100.97277746345176,122.04110739393312,4.125677221229059,1174.7457845960414
0.0,2470.0,2470.0,crown,800.0,10.0,129.81832704569237,164.02938626924242,4.923045340475463,1449.3725843597783
30,970.0,970.0,flank,50.0,220.0,14.183046174818921,19.849209479565534,0.520496012560081,355.47072279383576
23,1450.0,1450.0,crown,970.0,480.0,129.99351036697738,165.5981965063154,7.553771567607869,1546.9618669864128
25,900.0,900.0,crown,390.0,220.0,131.49204351476115,159.5697360340722,3.0573650007843236,1253.4400784493648
35,,1000.0,crown,700.0,50.0,264.3518805537082,322.41119494484974,5.806970616708683,2316.888615257832
36,640.0,640.0,flank,410.0,40.0,172.21801839861646,210.40960289683966,3.4283921018565433,1724.6198523144456
33,650.0,650.0,other,260.0,90.0,143.97045955860338,156.91433444370233,1.904687376903442,1261.855389298169
34,1080.0,1080.0,,600.0,100.0,184.89940520608144,224.9449554016088,5.223596316895109,1644.9007329600486
43,3550.0,470.0,crown,410.0,60.0,128.13123601251127,161.58518809475243,4.2408837481635056,1277.3028621114545
38,1500.0,600.0,crown,400.0,140.0,264.702581561013,325.50202122902795,3.8045042734369314,2061.1462021764023
36,1600.0,1600.0,flank,1150.0,50.0,329.7508357187719,425.09479592489436,10.107166814309448,3031.800029050127
33,1350.0,1350.0,flank,60.0,20.0,32.749235114266504,38.35441342000689,0.466623170854269,508.64954034463557
30,910.0,910.0,,760.0,150.0,262.99311766820676,332.78083910559565,7.001171842207363,2342.7020612483107
38,1400.0,1400.0,crown,950.0,450.0,93.73914960257889,121.2429278361007,12.204307969336163,1230.2595127099912
25,700.0,700.0,flank,300.0,50.0,120.73715535829054,140.2239656889468,2.1944198851609786,1126.8502177393045
35,1400.0,1400.0,flank,850.0,20.0,183.12655412261577,232.9491823003333,7.989317573791377,1922.6894103409152
25,650.0,650.0,crown,450.0,200.0,131.351674072689,162.2025618035739,3.3632969937132122,1272.2259284422082
32,3170.0,1450.0,crown,1060.0,30.0,250.60861891133018,318.94367282032283,8.179248331317206,2498.9272802614414
32,1320.0,1320.0,crown,430.0,30.0,174.09085758163405,214.71462555249977,3.949927851421632,1671.4906633959647
35,1700.0,1700.0,crown,900.0,5.0,159.070796096991,202.15467072639552,8.509262723748558,1635.254471286132
30,1500.0,1500.0,crown,700.0,40.0,280.70339014675153,354.84838773198055,7.078829970235953,2368.1309683455747
42,1250.0,1250.0,crown,510.0,40.0,190.55175024139137,234.14523155500802,4.854330777340204,1706.151722546595
30,2400.0,1000.0,crown,300.0,50.0,96.01516024890013,120.43989568226033,2.6145445341576337,1098.8664515130665
34,2600.0,2600.0,flank,580.0,20.0,340.9499665959986,413.7535223904383,6.0052462626015455,2326.9736658163965
33,1630.0,1630.0,crown,1230.0,400.0,254.84977020211585,312.53146297206234,10.826500253414842,2229.20236137625
39,1250.0,1250.0,crown,120.0,290.0,50.31361222919904,63.25065024769184,1.2849770736650896,714.3893512911163
35,1820.0,1820.0,flank,840.0,150.0,223.50129684102086,276.8813976802021,7.618825995598999,1984.923587330146
40,5000.0,1600.0,crown,1400.0,50.0,359.8792254484195,422.24218331732413,12.778227898555457,3003.3092406663745
35,1550.0,1550.0,crown,440.0,130.0,130.0264847331361,162.7463909370013,4.2149831618193065,1422.4782275568107
30,1690.0,1690.0,flank,500.0,40.0,168.12937660822544,204.2353244236862,4.1543764097852085,1540.389812675078
39,1130.0,1130.0,other,800.0,330.0,317.1977439267763,390.63500395190863,7.503452924138485,2520.820636791794
36,1280.0,1280.0,crown,630.0,50.0,252.45241350791684,315.7487236229704,6.1654996106732884,2141.5239303885764
37,,1000.0,flank,230.0,20.0,63.570962385461776,80.75021567702666,2.511956583648602,894.9351128747549
29,2050.0,2050.0,flank,500.0,150.0,124.63503380062616,156.9481725229534,3.1315779863534488,1327.0621713821213
38,1000.0,400.0,flank,130.0,70.0,115.70978744283849,136.7487138947406,1.2208941969516809,1095.247295589219
27,1050.0,1050.0,other,200.0,600.0,80.58748272695766,100.49801133441544,1.502761723079444,843.8120271427409
38,2150.0,1600.0,crown,800.0,30.0,192.85900272437812,226.92603178197305,6.770352156986097,1673.209872106948
32,880.0,880.0,flank,610.0,30.0,109.49257735433667,138.5474726140157,5.6801397180758215,1320.1314526002436
0.0,2370.0,2370.0,crown,830.0,120.0,180.3871866021783,230.34444024719292,6.547218835962713,2010.8750470934283
33,3100.0,3100.0,flank,770.0,40.0,187.20744139216634,222.61620238644025,5.9291417524901675,1778.5825407436207
34,1200.0,1200.0,crown,680.0,10.0,105.56673663027662,133.5798727698409,6.107385490946094,1369.7989354223237
24,2470.0,2470.0,other,730.0,340.0,158.7582010237757,199.43417613715494,5.975810797370757,1565.5544185271058
32,1580.0,1580.0,crown,1250.0,60.0,271.56806593489523,344.1279900558618,11.106201390404241,2547.392336109344
35,1500.0,550.0,crown,330.0,30.0,255.83781831732563,310.93523450373516,3.3246001627252575,2026.1361954196605
35,970.0,970.0,crown,690.0,150.0,110.34147164405414,139.55434932298164,6.203612622999024,1256.808887255508
30,1700.0,1700.0,crown,750.0,150.0,93.51535085247025,120.15518254767652,6.817946581292444,1204.9168002324968
0.0,2500.0,2500.0,,2100.0,400.0,64.72289721878374,95.82860153081802,23.904729643659547,3684.7018021084036
40,1820.0,1820.0,crown,690.0,170.0,202.2962223643492,246.4179495617567,6.2872056188506615,1725.1816303983182
30,700.0,700.0,,580.0,120.0,251.55091015769912,313.9309759024238,5.810908751405074,2162.653960172053
32,1310.0,1310.0,crown,930.0,280.0,230.4091696407967,295.4841500680875,8.804628537169698,2223.2486034648246
26,1100.0,650.0,other,500.0,20.0,268.9853556930897,317.07354757541134,4.7323747255311055,2045.0592275103106
41,2400.0,1140.0,flank,200.0,20.0,62.78081624528945,79.78482252809258,2.328113206647166,862.6979428573158
37,1900.0,1900.0,flank,250.0,50.0,277.05248572876144,322.9508869876904,2.7734595198948746,1976.423959631789
38,1350.0,1350.0,crown,800.0,250.0,193.60436533674877,207.11504668077413,5.498470203963674,1666.712449717144
36,1650.0,1650.0,flank,1300.0,350.0,195.563421129344,244.35771219799977,11.220571225645042,1840.198120957191
20,2600.0,2600.0,crown,1050.0,10.0,180.18772124495922,227.6726406947233,8.19677665771966,1836.7808377960466
25,6000.0,1350.0,flank,150.0,100.0,183.39780911436037,213.6130011396529,1.7805274592552416,1525.0882804791122
35,3000.0,3000.0,other,300.0,10.0,58.15495887279226,75.679038539083,2.8373388089915617,824.4759018485671
26,,1050.0,,730.0,50.0,163.50886923485132,204.5047462393162,6.0340336484529296,1568.4237325207132
39,1500.0,1500.0,crown,430.0,180.0,92.49221102785066,116.64112343984146,4.11148552609876,1291.4070962948292
35,3200.0,1000.0,flank,600.0,20.0,210.36405374749606,258.29769383011603,5.343156319349878,1868.3830157360921
42,1350.0,1350.0,crown,320.0,230.0,66.44695100105581,87.5230932717032,4.070873272391677,923.1169426298416
35,3800.0,1400.0,flank,570.0,30.0,113.41466933128385,144.40932571703883,5.278866400117856,1267.053507796524
36,990.0,990.0,crown,320.0,20.0,236.7052974133067,286.59985285491064,2.9698320815415977,1944.1325048190965
20,,400.0,other,130.0,5.0,19.235936775309316,26.017614187435612,1.1220308477047738,472.4873584714018
34,1090.0,1090.0,crown,630.0,20.0,180.6549002969325,226.88602634914685,5.766585072494884,1641.875918721038
0.0,700.0,700.0,crown,450.0,250.0,59.015475782726405,74.83772151030105,2.5600922317575665,945.0468872781538
35,3700.0,1000.0,crown,690.0,10.0,109.71152940582046,139.96175156525683,6.419021360472075,1329.2013158080454
41,1200.0,1200.0,crown,500.0,130.0,202.78690819906458,247.94301272348213,4.748124832229289,1783.2934704571699
30,480.0,480.0,,370.0,110.0,202.07276325086812,223.3515160961831,3.25896872573192,1587.2844640018725
20,3250.0,1000.0,flank,480.0,70.0,168.7707825670353,202.13309090119122,3.641802179309914,1488.0895615173229
26,1380.0,1380.0,flank,970.0,410.0,163.97505334380827,206.5875499028943,7.303280307343835,1692.9406176390148
24,1000.0,800.0,flank,340.0,190.0,150.63391255747092,182.61530156561383,3.001441182349944,1401.4971440003676
22,1500.0,1500.0,other,360.0,10.0,156.882711643818,189.9516511203774,2.9102007292472343,1574.3403796116713
30,1670.0,1670.0,other,390.0,80.0,124.95912335542506,156.17529893996095,3.5458301700114983,1379.0449514631682
32,950.0,950.0,,440.0,10.0,169.87335182137903,183.22985665738963,3.3809282519069153,1377.7524320632688
28,7000.0,1100.0,,770.0,50.0,268.1772785809853,312.8506306996819,6.804554516774573,2098.551006922967
30,3000.0,700.0,crown,430.0,10.0,170.88522033103686,183.93055049028027,3.116608915914937,1393.8627366709625
35,670.0,670.0,flank,490.0,2.0,211.97046901218448,263.0489608446769,3.7754742466947016,1518.4273195240048
34,3200.0,3200.0,flank,670.0,30.0,242.64241766931542,292.38292851409506,4.873783130463006,2105.1917814362414
35,3000.0,3000.0,flank,322.0,36.0,29.123667474971757,40.93622629179327,5.339153467022854,635.0246456103791
36,3070.0,3070.0,crown,400.0,180.0,236.11002343150895,288.0385926382339,3.953642585237258,1912.449041241911
34,800.0,800.0,,600.0,20.0,49.8931469706798,65.50567617048259,8.192268330762884,875.8336208910601
39,1600.0,1600.0,crown,550.0,150.0,275.3598296944435,327.0221505253451,4.883178699356593,2158.4794082593244
28,630.0,630.0,crown,290.0,20.0,79.78222345699142,99.54244537197334,2.3329851307598712,1035.294366370557
33,1150.0,1150.0,other,950.0,200.0,329.35077086232013,404.29636403144013,8.550693924811384,2470.5621777696497
43,1400.0,1400.0,crown,1010.0,20.0,327.99126284375814,369.82916690441465,8.83106594774168,2423.1433839608717
47,4500.0,1020.0,crown,850.0,20.0,312.0028562327747,392.1324032559502,8.523260770513975,2389.7888703879344
27,1250.0,1250.0,flank,700.0,50.0,223.71696785070404,284.9921222940459,6.375871106498454,2205.5922603858885
30,1670.0,1670.0,other,390.0,80.0,263.7392685617228,316.3572165186173,3.928217181587976,1841.0544017382979
42,2400.0,2400.0,crown,1900.0,50.0,311.7248374446271,339.98850455257104,15.610450887632606,2750.0116873263146
38,120.0,120.0,other,50.0,20.0,15.343944414402857,21.773276269728143,0.6470910168081785,365.3110944622972
30,710.0,710.0,flank,400.0,310.0,316.4889606106942,380.59574673126906,4.6567923402406,2350.9798502826898
32,2500.0,2500.0,flank,1070.0,30.0,199.1870920251437,258.9660755734221,8.962668810016027,2244.4508545830968
20,1500.0,1500.0,crown,300.0,50.0,61.20895119459713,77.52597093983991,2.3617431696951616,937.4594033311894
38,1650.0,1650.0,crown,1120.0,80.0,264.7517005428075,323.7059770732855,9.754815320047516,2244.23562506256
30,2450.0,2450.0,crown,0.0,32.0,,,,
40,1700.0,1700.0,crown,623.0,127.0,194.35924579231664,237.75720741657585,5.613180796095897,1761.8137991048823
34,2150.0,2150.0,flank,50.0,200.0,101.17002426936457,113.51988074755849,0.5609925863405058,949.5185411277073
38,1980.0,1980.0,crown,810.0,50.0,192.56122910439052,219.11996395890435,6.507928806963109,1687.6247519956617
34,1300.0,1300.0,flank,500.0,300.0,189.9320561633752,220.2973045321021,3.922282049413899,1709.5939654190986
40,1000.0,1000.0,crown,410.0,60.0,180.32046613119965,206.73019455700688,3.050755107886659,1557.258390375092
0.0,2020.0,2020.0,crown,850.0,120.0,257.5569939362027,325.7451452006868,8.566444418392553,2419.4893148970586
40,1750.0,1750.0,crown,850.0,10.0,322.26834832731345,353.2564838658607,7.553567209022821,2286.5345853622903
40,2800.0,2800.0,crown,950.0,150.0,172.4329646616383,219.13594480469857,10.01317470392918,1786.5619516371721
43,1260.0,1260.0,crown,195.0,365.0,62.044125583679765,65.88207393130486,1.4969922362764507,815.1379862314092
43,1440.0,1440.0,crown,1190.0,250.0,237.74133297075753,296.91431493780533,11.43775402484757,2006.7383937874654
42,4500.0,950.0,crown,570.0,150.0,267.8073658635511,305.07090395598607,5.16040564831222,2024.6518898068234
32,1210.0,1210.0,flank,730.0,180.0,262.7887251882854,331.0801111003442,6.857081870011015,2371.4073925347725
40,910.0,910.0,crown,440.0,140.0,63.97891360262581,83.6480559768862,5.6054846333034565,946.8656969922525
41,1260.0,1260.0,,1060.0,200.0,230.8038785974687,275.58439528223465,9.255644461010458,1952.3340814753506
38,1050.0,1050.0,crown,320.0,20.0,106.21583557135823,131.35730018598196,2.43414669420257,1074.2605721914383
40,670.0,670.0,crown,610.0,50.0,271.5275093902494,339.4408749133392,5.4382407142903695,2377.371364919613
36,1100.0,1100.0,crown,260.0,20.0,109.80275915923849,136.06105961130328,2.0681950619384164,1362.2432234761152
33,690.0,690.0,crown,535.0,155.0,137.47760487596534,169.22243745230963,4.521646948375244,1354.9129202649265
33,1500.0,1500.0,crown,450.0,750.0,261.8952660496336,303.526047386507,4.3516581779551124,1890.958202489877
12,900.0,900.0,flank,630.0,270.0,45.80945965781864,59.41789443469601,3.740017221408094,803.4157316346132
0.0,1470.0,1470.0,flank,590.0,180.0,191.78150871721172,236.1240764136001,4.912276613454267,1703.5385504028848
0.0,,500.0,,370.0,30.0,114.51317391606594,143.9228045357121,2.9292719036590746,1389.7046329801542
40,1200.0,1200.0,flank,510.0,20.0,62.310316761061195,80.55464363887873,6.370375595249623,971.1039901250039
39,,500.0,crown,250.0,5.0,39.341173439437966,54.69825405767952,3.514232838039613,696.6698017479397
35,1930.0,1930.0,flank,1170.0,80.0,291.1950163758949,371.30723710124784,9.597256672715272,2710.3400648819315
26,,1050.0,crown,730.0,50.0,161.87154559898,202.45690347560316,6.031136801286276,1555.1448346155519
0.0,1600.0,1600.0,flank,600.0,10.0,86.31122931862143,109.74100885695361,3.785768271166597,1211.9907132569024
27,3400.0,1030.0,flank,60.0,180.0,80.34834263211638,90.98934875354246,0.5907253819290821,821.2986349362383
35,1130.0,1130.0,crown,240.0,10.0,207.36726345857576,243.04876015029618,2.3182004184468648,1634.9360974258987
44,2250.0,2250.0,crown,1250.0,150.0,397.8050338735613,487.1149833485245,11.970605867780002,3118.3539589845377
35,1300.0,1300.0,flank,1000.0,300.0,267.9445004602543,331.53078535310823,9.068262309589974,2279.2448603770813
33,2750.0,1130.0,crown,910.0,20.0,218.5229586689538,277.5094194804375,8.51855502606809,2110.9360894176093
15,2400.0,1000.0,,690.0,80.0,219.9534315679712,277.6495901891669,5.029459441796154,2397.1300501105593
41,2200.0,2200.0,crown,1100.0,100.0,353.1344496124847,431.66192536125754,10.519294852622796,2787.0616141510186
30,1080.0,1080.0,crown,960.0,120.0,268.74789256264506,346.1257647933527,9.524185288794545,2526.8500715323457
33,990.0,990.0,crown,720.0,20.0,141.5314387606936,178.0525795596009,6.257074856677866,1545.5589827919584
33,940.0,940.0,flank,670.0,270.0,184.77001774934104,221.06970266945967,5.266868210613456,1657.1198129898294
36,550.0,550.0,crown,340.0,60.0,121.39330036210842,129.49463978262122,2.192242104067457,1211.2643625710239
31,680.0,680.0,other,430.0,70.0,92.33702779436778,116.8395350508487,3.918198996629921,1149.6183638482494
42,1200.0,990.0,crown,400.0,30.0,50.78381441397324,67.29435034686378,6.942904336304328,851.2339195566683
15,1950.0,1400.0,flank,1000.0,20.0,146.10052475368448,186.38410620902349,7.1583566526462015,1693.6342252113848
34,1850.0,1850.0,flank,350.0,100.0,293.88811752706795,356.0153014344845,3.678002316614589,2262.76709029263
25,1850.0,1850.0,flank,400.0,100.0,87.05101976819046,110.01813810781829,3.2455646696500966,1069.2448860694055
39,1650.0,1650.0,,940.0,330.0,323.6703144425224,348.9712815514596,7.876452955286689,2399.627748244022
42,1100.0,1100.0,other,750.0,150.0,227.46280160605886,277.69759482354726,6.3263583300557045,2068.805262763036
22,6000.0,1350.0,,150.0,100.0,179.1395296181143,209.19930450840974,1.8036421706121653,1515.0923828926213
36,950.0,950.0,crown,630.0,320.0,237.6199148869504,283.4331040923638,5.539462427174604,1937.9642264843603
30,800.0,800.0,other,200.0,150.0,212.53003194727174,252.4691778190426,2.0711018862529027,1762.4953426063396
38,2450.0,2450.0,crown,1150.0,150.0,363.13407347638844,428.93949084538264,10.24633105831876,2947.964765504502
34,1200.0,1200.0,,0.0,100.0,,,,
30,710.0,710.0,flank,360.0,350.0,302.7826251450065,362.26691824585146,4.1878952482300935,2250.4544215505002
38,480.0,480.0,crown,270.0,20.0,53.24280024832976,71.00728784851907,3.1352808955217633,801.030982877947
32,1440.0,1440.0,crown,960.0,230.0,254.88691998565096,308.53622955086803,8.289043857663632,2232.4566108993154
31,4500.0,1500.0,crown,920.0,10.0,204.36833041598555,255.85794834043833,7.900163002561126,1889.4589722375147
40,1950.0,1950.0,crown,1000.0,100.0,278.84214542083225,295.7083169621835,8.128880008344805,2121.5322288666734
29,1100.0,1100.0,flank,330.0,70.0,229.07927006810777,272.6172646284122,2.5910369897894565,2100.676111051058
23,1030.0,1030.0,flank,280.0,50.0,171.30119481102184,211.43067441770341,2.382868603092173,1738.2383332488187
38,1330.0,1330.0,crown,610.0,50.0,249.42777228357235,309.68443120747804,5.422761779001009,2164.121856094336
36,,1600.0,other,0.0,300.0,,,,
38,900.0,900.0,crown,240.0,20.0,219.7363266597042,260.4267761417665,2.3898731233459887,1640.841172896801
17,2350.0,700.0,flank,200.0,40.0,107.36553969110923,131.79716326680332,1.7817604996487475,1176.6028079081195
33,1500.0,1000.0,other,0.0,200.0,,,,
36,1300.0,1300.0,other,230.0,130.0,40.79028180949828,53.35537658357343,3.0246662556761716,737.2937959264596
38,900.0,900.0,crown,670.0,230.0,124.05964251598466,163.59892106816397,5.597014317102801,1319.6887646051962
35,4200.0,4200.0,crown,350.0,100.0,77.19565372236262,98.52750225497891,3.4616094070193633,1002.9616660297595
