Slope Angle,HS,Profile Depth,WL_Depth,max_stress,impact_criterion,coupled_criterion,sserr_result,touchdown_distance,ss_max_Sxx_norm,slab_tensile_criterion
37,975.0,975.0,505.0,0.019211593059546395,70.99309205892258,184.7233492002099,2.848243826375611,1296.382704354567,1.843322857343787,0.251953125
40,800.0,800.0,600.0,0.0149488888155495,48.273102792415784,134.283459743823,2.4895567576275472,1019.14331332332,2.819140296944374,0.15562913907284767
38,1320.0,1320.0,700.0,0.024440954698761626,67.81087336718832,180.68404647851648,3.157319792631495,1203.7422705085226,1.9041258262797849,0.23404255319148937
38,1640.0,1640.0,1240.0,0.08714041636915654,109.875506997484,259.03008294866896,5.843736871610613,1634.0435948079303,1.357447754470164,0.15594855305466238
30,710.0,710.0,430.0,0.013905466662053022,69.8096973365967,177.26052025077922,2.4387981648522614,1292.7601034662875,1.5762601058130052,0.3486238532110092
40,1670.0,1670.0,990.0,0.10341775467711678,141.60327924415978,394.0827527780474,6.398253592268591,2239.9324343875555,1.8037417649658536,0.052104208416833664
30,1920.0,1920.0,700.0,0.017604770021454774,39.53061183987751,110.57760147715149,2.8514045310985687,972.8723823245062,1.7230065064256979,0.10810810810810811
38,1170.0,1170.0,630.0,0.025840783275849533,67.75474105965567,181.37605049703268,3.3155694123423904,1251.5666351502507,1.5900131935455346,0.1557632398753894
35,1020.0,1020.0,460.0,0.028791332948611165,138.27695038179363,321.486569551934,3.430983986634218,1619.5579214653956,1.9797306786373805,0.33261802575107297
34,1450.0,1450.0,440.0,0.010694141707082914,74.42865176559941,161.34062252036833,2.0901202077851755,1115.0468280599548,2.0853129311007303,0.42117117117117114
25,1200.0,1200.0,450.0,0.04185824742429442,173.8525244802485,418.6657773882859,4.2104668155343905,2143.9386825556953,1.680524897364147,0.1836283185840708
35,3670.0,3670.0,2390.0,0.8437650112033104,53.42549499374524,256.9411282392583,18.497945712270493,3066.446191654652,1.0968557451936018,0.03164029975020816
37,1400.0,1400.0,680.0,0.047424196360811535,113.50043452780834,294.73008997662953,4.399283483406978,1712.3445531447587,2.2526826714129844,0.2005813953488372
35,1390.0,1390.0,420.0,0.014546071411616332,116.80374471347844,296.9182906677116,2.50558887050659,1765.5739679596522,1.647333757745791,0.17647058823529413
37,1180.0,1180.0,330.0,0.004127005722304978,63.04949207785559,159.97478560093856,1.3830029990384247,1064.0429167322727,1.923602899325168,0.08059701492537313
32,830.0,830.0,470.0,0.01976760907717224,91.43434903239039,231.80406261196458,2.8459334745197387,1612.0696761033375,1.6580671481778613,0.2905263157894737
40,980.0,980.0,310.0,0.011920340809913017,100.45508981331793,245.00304845020565,2.219949682945249,1256.9360017508789,2.277200267595061,0.2747603833865815
33,1280.0,1280.0,380.0,0.014438320588510621,80.78198803099052,202.60923761104124,2.47269414036486,1306.7217741306445,1.840114202681499,0.35340314136125656
35,2100.0,2100.0,1780.0,0.7780182694857987,102.32291751214343,409.50490015838284,17.56941548049367,3878.404536614013,1.4600835984691267,0.19719887955182072
38,770.0,770.0,330.0,0.003662290827403508,26.268289991717104,69.04078678860357,1.2945670357867511,773.6409781427247,1.3621803584620713,0.17771084337349397
36,1170.0,1170.0,450.0,0.012381471545375654,56.24483496889623,146.33577365962293,2.288966477007822,1117.9700227332874,1.6300342489686994,0.30022075055187636
27,2360.0,2360.0,1930.0,0.6600539601017785,89.9967201165561,402.78180947836904,16.742946112079075,3253.1181228020287,1.1815871120039496,0.062564632885212
40,1830.0,1830.0,620.0,0.07042396703060105,186.0586022973619,458.32413281008337,5.270405004279466,2107.8420010586087,2.2138376929723167,0.2515923566878981
36,1320.0,1320.0,510.0,0.02608789923541737,93.43512721569476,238.43183075330415,3.2865704926813497,1459.4475242063918,1.7965157033174624,0.2807017543859649
42,800.0,800.0,480.0,0.012517569723453113,56.027664686811214,153.76837107753045,2.2770573282073734,1063.6860943602046,2.3590159212777784,0.2268041237113402
30,900.0,900.0,340.0,0.005175791673973179,42.89966423162186,109.2025189257576,1.5044626281788986,910.3226628853677,1.806324688543098,0.3620689655172414
32,650.0,650.0,450.0,0.020450057228578636,88.78797235451896,225.04120839130087,2.933358502540896,1469.75303252395,1.8113401436947503,0.3010989010989011
32,1600.0,1000.0,810.0,0.10726645030541283,196.51509634113526,461.53372628524335,6.568159034433284,2348.9320752531803,1.7084785904446764,0.33902439024390246
25,660.0,660.0,310.0,0.008053556796049478,65.7268080425509,166.01052704529582,1.9119546030408079,1227.6544374152222,2.0854544575026295,0.26031746031746034
31,1080.0,1080.0,430.0,0.0189770514655003,90.88745935702272,229.62012410504383,2.823399573784311,1524.1923735002572,2.409575824496902,0.2791762013729977
41,950.0,950.0,310.0,0.024979458889602922,190.1230500023653,425.51625067644966,3.086306647803778,1928.0127837953116,1.742758105529039,0.21543408360128619
38,1210.0,1210.0,630.0,0.047739320647200184,175.18598290569915,393.4348743450165,4.3002847486266615,2066.0902039187918,3.670889595446763,0.1536050156739812
41,720.0,720.0,610.0,0.048176217845548736,169.41901045175445,394.88554394606325,4.372106181627268,1811.8970892013501,1.7589890521364187,0.1791530944625407
34,1220.0,1220.0,370.0,0.003552072663126132,17.807498236507627,49.84732589206179,1.3584888816614247,617.1835984701281,1.3191033554331482,0.1424731182795699
30,1020.0,1020.0,620.0,0.04158867604774451,120.42221706633289,318.5412833177224,4.188351158286984,2054.1974229847833,2.0621549642109276,0.06549520766773163
36,900.0,900.0,170.0,0.000916895577230602,15.849389313660156,42.62890989912005,0.7026392328472462,565.0030624468874,1.6956006513967923,0.23699421965317918
40,1540.0,1540.0,590.0,0.018976901669170404,67.29077237235633,177.33620819987658,2.779220681124037,1234.9760952716342,2.1250919343226147,0.12080536912751678
33,1550.0,1250.0,250.0,0.004664570060371656,48.032539834045124,121.99288927033317,1.446028467191793,991.1496650598364,2.0745457792636777,0.22924901185770752
34,730.0,730.0,730.0,0.24102189097173538,335.5387783386095,759.8913297918884,9.61209698319147,3597.5359589741015,1.3772124495731854,0.3071718538565629
30,2200.0,2200.0,950.0,0.13171944269522012,151.3268858387769,419.41234125115665,7.383979321295543,2362.821005446814,1.6429562256693315,0.26128016789087094
37,450.0,450.0,320.0,0.008381952997770926,71.15370399600016,176.5686988353322,1.841680896755188,1295.734029174193,1.7502388541147949,0.2993827160493827
27,920.0,920.0,250.0,0.008980481004648457,107.8013815464395,256.30637302258754,1.9853938227451167,1395.4856549917754,2.184368724871512,0.08267716535433071
38,800.0,800.0,600.0,0.043117177973597515,177.30131745654876,442.18474152131614,4.346515123663725,1704.3961108338597,2.2990561622974766,0.13884297520661157
42,1900.0,1900.0,870.0,0.0648482693893781,121.37148446849217,305.2445716014661,5.0258706777003335,1665.7835582089785,1.6069760255461543,0.18949771689497716
36,1170.0,1170.0,540.0,0.0195598347003692,69.25216729066656,180.7540350706816,2.860570651439522,1244.2759037876492,1.6739758978444044,0.25321100917431194
35,1700.0,1700.0,160.0,0.000841083867255364,18.988861256061693,49.249745643083045,0.6435130542014034,630.9610664647554,1.6530697388398343,0.30246913580246915
36,900.0,900.0,900.0,0.2036219147296393,227.3722774255455,631.4548436732689,9.018646778440944,2944.877557031227,1.4282168630056262,0.15545755237045203
30,1000.0,1000.0,770.0,0.04748446989094659,93.2220402805832,246.6945089082206,4.517757025976452,1538.0214533614846,1.454839222953396,0.21262886597938144
38,1300.0,1300.0,360.0,0.0048203296597081665,30.106527371230076,79.31840958953279,1.5309599558171942,784.8873273785991,1.670320341809704,0.13259668508287292
36,2720.0,2000.0,600.0,0.02304698161350424,65.24973518567549,175.63545011027523,3.146541511590113,1211.8346004806235,1.6192323638653305,0.20930232558139536
33,2430.0,2430.0,410.0,0.010527488120989532,58.71769210200308,153.91536751532928,2.1519004428110255,1111.787381033206,1.8046229212851654,0.31971153846153844
37,1870.0,1870.0,270.0,0.0021679898652387794,20.176991039472576,54.903416355019246,1.069367725543197,605.8461863348277,1.9349124764215986,0.16117216117216118
38,1450.0,1450.0,190.0,0.0010984355592673811,15.481469700974555,42.61335793094611,0.7751082031673099,545.9831468490826,1.7500043386119628,0.21354166666666666
38,1470.0,1470.0,450.0,0.021245495989457925,109.48346973824115,281.6337019554079,2.9340034219728572,1805.6343501833353,1.916344413871309,0.11428571428571428
38,1130.0,1130.0,1030.0,0.09239531913759591,124.96428804735922,336.89085476985247,6.186328938288021,1716.5813574291262,1.7058095934400619,0.17084942084942084
40,1870.0,1870.0,730.0,0.03429993187338094,69.91950126523074,187.15612723437408,3.8443488356277804,1265.0664877451595,1.6924368930790128,0.17302452316076294
39,940.0,940.0,790.0,0.04758501170742217,81.8815499287971,219.27195590594914,4.457746138137181,1438.8862094624076,1.4688884015923318,0.17987421383647798
38,1530.0,1530.0,590.0,0.01671534999773794,51.78739215473267,136.91100616961012,2.6612538527702916,1126.7950688092453,1.8795782429884687,0.06020066889632107
38,1880.0,1880.0,1130.0,0.08970522105793194,99.06022433029915,276.77082098615165,6.088385572322696,1579.310361734245,1.5771138764002497,0.12137203166226913
36,1410.0,1410.0,330.0,0.007999739927152364,60.151331120389976,151.39057891606438,1.832172393742709,1053.879443730198,1.7511428528969342,0.3916913946587537
41,600.0,600.0,180.0,0.0065705614603247045,130.67140864825586,273.0745658234978,1.5897177267378253,1326.9015619828076,2.060419467488897,0.20218579234972678
35,1860.0,1860.0,980.0,0.05517012246152307,75.28246348898793,203.7799546504738,4.740254114256712,1525.9373995735286,1.1222092444074787,0.04786150712830957
39,1070.0,1070.0,480.0,0.016666223149770804,105.1779589033329,270.4550876958552,2.58766537283223,1879.4927538791753,1.864402092305566,0.07346938775510205
40,600.0,600.0,510.0,0.028286655834829293,109.65213340957148,281.5613915244777,3.439755313132299,1521.567464111252,2.9230166577891943,0.21165048543689322
34,850.0,850.0,380.0,0.0040238641897248385,19.48348770585562,53.59665062555409,1.435831355895368,648.3824390601276,1.2678447845011376,0.1514360313315927
30,640.0,640.0,190.0,0.0023839448857142474,36.50526228541579,92.52397928978414,1.052438578214687,842.8806630329808,2.0718183635140286,0.25906735751295334
38,1000.0,1000.0,430.0,0.006137206354179013,32.2511381169137,84.32875859811406,1.6449721599350233,890.5065487958752,1.5169337845432989,0.18663594470046083
37,630.0,630.0,340.0,0.01429732498066201,101.78368072074434,254.48969322435175,2.416404510519227,1569.124740137297,2.3792719819028614,0.20579710144927535
38,1080.0,1080.0,410.0,0.030395953409987048,169.67431146795738,406.2693149196317,3.534981942959301,1762.9261565016657,1.89027317733984,0.2560386473429952
38,1530.0,1530.0,590.0,0.01671534999773794,51.78739215473267,136.91100616961012,2.6612538527702916,1126.7950688092453,1.8795782429884687,0.06020066889632107
34,2150.0,2000.0,880.0,0.0584014368402838,81.69248912542035,222.11313012715837,5.024017580708301,1496.5748065828823,1.391621135910041,0.17792792792792791
46,1760.0,1760.0,1500.0,0.31158359623344434,206.88536104791183,515.5239605700688,10.712406400627332,2574.5592522428465,1.2822491174775859,0.19389110225763612
28,1300.0,1300.0,350.0,0.015227559918218878,99.85961334148298,246.00964563335955,2.5843134637857927,1408.448391637388,1.917943613641584,0.3137254901960784
39,1360.0,1360.0,620.0,0.029333543633633056,99.69435187492134,257.12314251321914,3.451274971378394,1575.5697189220182,4.392385150059263,0.11802232854864433
42,1550.0,1550.0,510.0,0.027016628512664398,108.5196484118454,280.3859432043885,3.2969946340023006,1686.823715106938,2.1720420562583334,0.06395348837209303
39,1360.0,1360.0,660.0,0.036682837806269276,121.15228768106337,303.9467484020822,3.7920572826546275,1803.5490352600223,3.9457726700851055,0.12425149700598802
35,1180.0,1180.0,730.0,0.04559948475880763,100.4113190045211,266.22883400838964,4.395632770483248,1549.4072173358502,1.757399189127653,0.25815217391304346
33,1030.0,1030.0,570.0,0.023588576166989818,84.23150516948621,212.14660570718115,3.1371159077640636,1352.6539575565164,1.8279319993805623,0.32578397212543553
37,1450.0,1450.0,330.0,0.02069672595339457,146.59149585063352,352.7467117311263,2.890633729830885,1754.0935356034668,1.773447176373439,0.2215568862275449
36,1120.0,1120.0,810.0,0.061023374296504916,117.80380777716242,310.48521985217155,5.043930375852755,1710.75476293664,1.653061623761502,0.24019607843137256
30,842.0,842.0,262.0,0.011027911202707229,107.55456423114043,255.82783150800657,2.1505953019475093,1486.4666969758512,2.268154503017614,0.2379182156133829
44,1840.0,1840.0,1060.0,0.15247178370917253,209.6139922251139,476.8425272632552,7.591738937027487,2282.016459772173,1.8515939084726156,0.20018796992481203
38,950.0,950.0,360.0,0.024548825416716148,148.49873629985328,354.50986544621884,3.1217662107398376,1777.7662039107865,1.9215426143350742,0.2396694214876033
30,560.0,560.0,240.0,0.0019194789524856928,19.41446893773227,51.76852792540904,1.000518838145481,647.8601754199415,1.6982618682931427,0.24380165289256198
41,950.0,950.0,270.0,0.002550631595616517,33.18095603472249,83.83327939409497,1.031378709537293,829.2735846974168,1.5505601732612544,0.29044117647058826
45,1450.0,1450.0,580.0,0.034015586665444485,111.66370010486355,289.13240853498576,3.6886282718679952,1486.178892646213,1.977708982632546,0.20411663807890223
37,1210.0,1210.0,700.0,0.037760422259014284,91.22753927089946,240.42221561781702,3.9530629012498792,1444.8909454704444,1.5851245311325473,0.2297872340425532
42,1300.0,1300.0,620.0,0.04046905254852665,119.78646091303469,300.6057452453187,3.953368020881525,1698.79375049711,1.5771852748756288,0.28753993610223644
32,1350.0,1350.0,570.0,0.025043207566942054,90.62698452140724,237.01761184534053,3.340628144646394,1498.1890079306388,3.6299337527962448,0.03986135181975736
45,950.0,950.0,700.0,0.0444327129542173,117.33022534203108,284.7150515646174,4.131983663556942,1519.7701569941785,1.7541308501113768,0.2705382436260623
37,1440.0,1440.0,860.0,0.06124538274817043,124.67595423127496,311.94287733036924,4.9141518988304975,1825.4244504627143,1.555538735673955,0.22722029988465975
38,1300.0,1300.0,780.0,0.050364794966628504,126.04343273323397,320.5912215276637,4.517330742230482,1743.1186859468587,2.2360467915435156,0.0724269377382465
31,1550.0,1550.0,920.0,0.04741335423719498,106.87058898798702,253.98820832785708,4.366128521106992,1681.8933926806833,1.324884370091709,0.20432432432432432
41,900.0,900.0,350.0,0.01517503899977464,116.13467839634761,291.27845044220066,2.444197342465647,1736.9362332557916,1.9055245666049414,0.11864406779661017
28,730.0,730.0,360.0,0.006820176999210751,44.2308036688735,114.50256075030751,1.7519609807384044,981.1086677417823,1.438536035616255,0.3469945355191257
28,900.0,900.0,450.0,0.014006792985839598,86.65773689440721,192.66724692897418,2.425658482658588,1253.440103196451,1.7933226564326277,0.37389380530973454
38,870.0,870.0,320.0,0.006725384179782307,60.07538102939191,154.81716704405068,1.6866110492480457,1054.9268998826667,2.955348661145778,0.1651376146788991
32,1150.0,1150.0,470.0,0.015122410306549478,103.58895786132186,205.45895723587464,2.476497246978114,1328.39521222302,2.063460565241256,0.11228813559322035
33,710.0,710.0,480.0,0.017235281679959878,68.7543492209888,178.40237934881299,2.7255633264364225,1275.8070121456174,2.3613737447162353,0.16082474226804125
30,1050.0,1050.0,500.0,0.02165509184047585,84.41735142508652,215.18172131681473,3.052349230814615,1378.7452644114294,1.9830561235571653,0.2261904761904762
32,2170.0,2170.0,360.0,0.016897397023778255,104.85110310717648,260.09645325224017,2.701647320416651,1435.9877422295558,2.401954288665541,0.24242424242424243
38,700.0,700.0,230.0,0.0026315440450815006,50.52638398932924,127.21373569378129,1.0754496626246897,1109.1373911049145,2.1471526118451676,0.04700854700854701
28,1410.0,1410.0,430.0,0.013102740338399036,60.88906412280283,157.84765598037174,2.4374928713844137,1254.5349320610162,4.145544345564233,0.1867881548974943
30,1550.0,1550.0,810.0,0.08643798644306798,152.14785529504937,393.1981521049014,5.979108600994233,2160.273749766709,1.8609024157342888,0.23378212974296206
36,810.0,810.0,280.0,0.0051145001352614974,50.03607321296663,126.78613560861832,1.4757762688028715,965.5710250207998,1.7927990142492507,0.36619718309859156
41,2070.0,2070.0,300.0,0.0035429795370469645,28.724317770339518,77.47935306373073,1.2671808623211505,761.3946218236041,1.5204138429320042,0.20132013201320131
35,1700.0,1700.0,980.0,0.08490318508085493,124.7430333286928,319.2728430635705,5.880855852047657,1791.5775852991278,1.3857742844085994,0.2020304568527919
48,1340.0,1340.0,340.0,0.01176336221760665,102.22656241167003,256.30386634350145,2.163380198167666,1399.005268279057,2.0891734052012216,0.06936416184971098
32,880.0,880.0,310.0,0.00885521171988994,80.70511122890555,192.3624839613595,1.898923098110543,1343.2771750704999,1.9149008308054405,0.40445859872611467
23,1470.0,1470.0,290.0,0.0033062933908553677,33.12758123980043,84.61515814125231,1.2387141913431716,854.5701273429326,1.7781355164246544,0.3424657534246575
32,1240.0,1240.0,520.0,0.031016080842893153,108.91033717372088,272.2481090908497,3.585194222904451,1622.0378080297664,1.6738356936300698,0.36242884250474383
30,1700.0,1700.0,1240.0,0.26069083816389516,192.68466084443878,523.766436772803,10.433268364867839,2696.2629519167917,1.3143911049901167,0.22763578274760382
45,1780.0,1780.0,550.0,0.010875616625282428,36.150230925334775,107.18251437981272,2.1673825398262356,865.0839572208375,1.2586950050563075,0.12972972972972974
40,1830.0,1830.0,620.0,0.07042396703060105,186.0586022973619,458.32413281008337,5.270405004279466,2107.8420010586087,2.2138376929723167,0.2515923566878981
37,1220.0,1220.0,1060.0,0.10567489836490242,111.10786236091401,306.23428980177266,6.615321737610651,1764.9001383050143,1.5510419049352557,0.2039289055191768
35,3670.0,3670.0,2390.0,0.8437650112033104,53.42549499374524,256.9411282392583,18.497945712270493,3066.446191654652,1.0968557451936018,0.03164029975020816
38,1240.0,1240.0,400.0,0.008475819252443628,47.01016798155511,129.40539002369053,1.9088889545748793,951.755153366129,1.7311577743282451,0.3225806451612903
34,900.0,900.0,260.0,0.00788388695461968,78.40052889009566,192.65806967220215,1.825422909396569,1235.6721729710678,2.2024720931218904,0.2786259541984733
45,1350.0,1350.0,1200.0,0.1498449362016127,161.62935039906623,405.414808417466,7.572398105616354,1968.9939115100221,1.43446332569263,0.2084717607973422
31,1050.0,1050.0,270.0,0.0014103023291385606,11.391890104633179,31.037670982612447,0.9303986954525437,509.66798992860026,2.1290578075868956,0.04044117647058824
35,1520.0,1520.0,1060.0,0.09947961150184598,122.2669939016006,332.6139686415098,6.451007386944589,1856.5173869688615,2.631814481833666,0.09626168224299066
37,975.0,975.0,505.0,0.019211593059546395,70.99309205892258,184.7233492002099,2.848243826375611,1296.382704354567,1.843322857343787,0.251953125
40,800.0,800.0,650.0,0.03910108961283646,122.5766500059851,308.7660815174854,3.940733198943651,1720.016471242422,2.1306398116586056,0.12385321100917432
47,910.0,910.0,310.0,0.006929332450545372,76.25323883013768,144.13389423430633,1.6073008712356214,1019.9104419811707,1.8062099640203004,0.41904761904761906
30,1850.0,1850.0,970.0,0.13214432779708388,145.44320533899705,406.042138654914,7.457741369768639,2274.8057201383895,1.4290386559125248,0.22438524590163936
45,1000.0,1000.0,420.0,0.012569111941184936,84.51990116567933,201.16610454976743,2.197429324567758,1253.079766069712,2.7470285149973144,0.2646370023419204
35,1900.0,1900.0,540.0,0.014339541708588859,50.9921452895512,142.52227748837424,2.509117724814356,1046.034239820386,1.7910588966303127,0.18566176470588236
35,2170.0,2170.0,570.0,0.026512434131608094,84.86947718580178,220.8264645755069,3.3393101193951793,1480.881319174621,1.7668316063159233,0.2361111111111111
41,5200.0,5200.0,2500.0,0.5636432926376221,94.03734663333987,356.1391390345428,14.771155997819077,2103.1726637221127,1.153432932635681,0.00438421681944998
33,800.0,800.0,320.0,0.005487763767973761,42.330495761148185,111.48543507843937,1.558544375003941,898.4351310731462,1.67476187074505,0.35093167701863354
38,1240.0,1240.0,400.0,0.008475819252443628,47.01016798155511,129.40539002369053,1.9088889545748793,951.755153366129,1.7311577743282451,0.3225806451612903
35,750.0,750.0,150.0,0.0017844329930776347,40.51546694115507,100.62760867029127,0.8890179863552938,812.668372386349,2.244301351629687,0.26143790849673204
20,1500.0,1500.0,720.0,0.0851154159701592,156.83001385307364,421.8768918986229,6.1260690201459775,2383.7176494173877,1.7371465799434032,0.19008264462809918
38,740.0,740.0,340.0,0.008376271833982752,54.72134768817531,141.07775632505323,1.9062402019293274,1067.2794165659893,1.8922763294899232,0.23615160349854228
37,1670.0,1670.0,1010.0,0.2581514067564188,226.15394407719262,652.069046136829,10.122874682004527,3074.5970508044975,1.3860742206501993,0.14327772325809618
30,1450.0,1450.0,710.0,0.22450622264508663,302.3148202865009,788.6257019557279,9.498925544906172,3648.0849402289614,1.1932864738680107,0.0824022346368715
40,830.0,830.0,240.0,0.0028379229321491024,44.74341351516109,101.78452460202791,1.0676714825356741,849.1455774889051,1.7081168868261698,0.483739837398374
36,780.0,780.0,260.0,0.005464915442452244,64.91237810439738,151.78822919056884,1.499309544984213,1013.7713364630525,2.110640805176633,0.3371212121212121
40,1490.0,1490.0,250.0,0.0049713125529482205,56.55233018660129,141.28583095564107,1.4360614257854993,1018.0124986014636,1.9808899942724045,0.2964426877470356
40,1250.0,1250.0,450.0,0.022221260243407533,126.53439969116387,293.5578565820342,2.968326420641623,1530.8036126954248,1.9207177722421802,0.189010989010989
44,2070.0,2070.0,1160.0,0.19875084734459603,183.87451176032582,510.4205588299018,8.737319007235254,2394.089618908705,2.320927647722423,0.1346483704974271
36,1700.0,1700.0,590.0,0.04102551542822331,163.13635635679026,410.38956633048883,4.237873997308337,1736.286835549536,2.3272208447071527,0.18412162162162163
37,1880.0,1880.0,900.0,0.09406565477018392,131.27006259940802,350.5215742582467,6.191420240975176,1902.7366935062144,1.5978830786919833,0.2836644591611479
37,530.0,530.0,430.0,0.023955799614981517,120.14322204954972,292.75640007943394,3.0893624297375717,1671.5539883366764,1.756571620938812,0.3486238532110092
30,750.0,750.0,750.0,0.13363521347161456,208.34335589424083,558.3323686037943,7.44478313011267,2730.3550766018934,1.497366539579675,0.16666666666666666
36,1200.0,1200.0,720.0,0.09168370880231858,230.14070167209684,556.4660948941705,6.0703193616701085,2493.639663701426,1.4498721767756544,0.10027472527472528
39,1060.0,1060.0,90.0,0.00024811909060787606,10.548687321236617,29.876469799309444,0.3885001597334019,411.8686687415531,2.0143278635431034,0.25274725274725274
38,1300.0,1300.0,310.0,0.010592728583733536,94.27368315747826,235.2249289620338,2.0941986177268133,1451.2297307120605,2.272680313326246,0.08860759493670886
41,1920.0,1920.0,1120.0,0.1702784875295343,190.54260012794387,453.55641362691824,8.106301773712728,2251.9654254189354,1.6353680513304876,0.2187776793622675
37,1860.0,1860.0,560.0,0.027440252460104942,91.37620626010226,239.14529800513162,3.4255445196272714,1421.2140356089483,2.5170753665589465,0.1592920353982301
38,1450.0,1450.0,470.0,0.01692028685913636,78.06040069145826,197.38312100966232,2.624187618019578,1299.9258680591186,1.4958430138727108,0.3263157894736842
45,1250.0,1250.0,450.0,0.019046214535013314,86.85766824659078,222.88020978607204,2.7660624924579484,1308.275525814489,1.8910053679044891,0.24724061810154527
28,1160.0,1160.0,560.0,0.02304617068036912,64.90605038844228,171.27631345754781,3.241297569588384,1317.386914142307,1.6298389375295321,0.216696269982238
40,1200.0,1200.0,940.0,0.09928573357683572,165.41899880721596,443.20397761369316,6.4118518841755385,2117.627207504465,2.5086494276759326,0.07570977917981073
37,1050.0,1050.0,570.0,0.02073660833113259,67.45882191929255,176.96272438463006,2.940016479460676,1253.6163624944531,1.6554082325884123,0.18434782608695652
35,3670.0,3670.0,2390.0,0.8461855859584415,52.53759529268834,254.37637872510572,18.512117935180562,3084.4751495044966,1.0850989557260222,0.028726061615320566
35,3000.0,3000.0,1530.0,0.10238504863487954,69.87522032172274,195.7421389467753,6.40499215680837,1399.1659252615052,0.9926078316279785,0.0
37,1080.0,1080.0,470.0,0.013732381334279311,80.09788183426228,195.9822973601564,2.358334103710027,1295.5513343203766,3.206248835869316,0.22431865828092243
32,1200.0,1200.0,750.0,0.05828692592019656,117.68745331814559,317.32607921944657,4.983166287860717,1982.236136071727,2.110327885618394,0.04105960264900662
45,1350.0,1350.0,420.0,0.012609817621986897,70.12756334484826,179.8897359321441,2.2308878600920012,1127.2275671154237,1.7644491519827916,0.3552941176470588
33,710.0,710.0,300.0,0.00706496906741215,57.811228863688434,145.91241883895822,1.739772376508465,1158.6073588186214,1.8228402646671118,0.2913907284768212
35,1690.0,1690.0,570.0,0.026023020695290593,90.48886537566213,234.1525875796347,3.301295645700419,1525.550002312053,1.857838380421108,0.23539518900343642
37,1120.0,1120.0,880.0,0.09134247987040088,146.147826579317,374.73758172716646,6.0567527284671066,1971.643319402272,1.4746801277783668,0.25140291806958476
34,1350.0,1350.0,300.0,0.009318308105766712,74.16139255827936,185.53769690121334,1.9956297942666028,1231.8480606316562,2.1107390729660973,0.2508250825082508
41,1110.0,1110.0,540.0,0.01594621153400195,84.02128262339805,180.12590925542332,2.4683528129426318,1269.661061510711,1.5842952322889554,0.36764705882352944
38,1400.0,1400.0,1040.0,0.16172262140638377,164.89686309595226,470.0078592123441,8.065622354629125,2429.9007125105563,1.8838177974939823,0.04880382775119617
38,1040.0,1040.0,840.0,0.11737379524616672,199.87300904471292,542.5623482417695,6.979543782997398,2439.8067411734764,1.4459903600084572,0.17370892018779344
37,1500.0,1500.0,460.0,0.03093379860830779,163.59004208986119,397.94460645754504,3.6363393223807634,1649.4071007495513,2.11837274433367,0.14870689655172414
39,1650.0,1650.0,620.0,0.028290128794811527,91.80724418436657,231.48273118873584,3.365089784601521,1418.586735455928,2.778532522997566,0.19523809523809524
45,650.0,650.0,250.0,0.0015195475169115509,15.272267700417476,42.07748559648732,0.9008081749708285,550.6441106485075,1.4468381201126292,0.1541501976284585
39,2770.0,2770.0,950.0,0.04350099777090885,72.10936916524605,191.695344533409,4.15539237598585,1341.0767590955056,1.1176217761891665,0.08490566037735849
37,800.0,800.0,410.0,0.013979297947859806,75.56679182509447,189.94945836355078,2.40031690478737,1236.1297503555402,1.9420054048009265,0.2891566265060241
36,1700.0,1700.0,680.0,0.02960076087806151,70.76705761062642,189.87387126851667,3.5627289885046913,1308.0345731066316,1.693788395125326,0.16279069767441862
33,2300.0,2020.0,970.0,0.03240202916112752,55.779750930878755,149.22342707173942,3.66816903950043,1249.212481057386,1.0712017377441352,0.05430327868852459
40,1150.0,1150.0,740.0,0.030412912888117767,67.7262509048541,179.33121926757502,3.5153365788344852,1302.2082196247893,1.9686960011936778,0.06970509383378017
43,2000.0,2000.0,1490.0,0.2658988754740774,191.8452204671473,460.08315331636345,10.040221071329528,2382.246886535641,1.726374697738584,0.23435419440745672
42,1650.0,1650.0,660.0,0.09776639128234939,223.7042562887284,560.857712451661,6.148672255964815,2421.048549078372,1.633796971279259,0.19184290030211482
41,1211.0,1211.0,511.0,0.021020133374560348,77.37919668060296,200.17721566566777,2.9286175046181695,1356.7778099295344,1.5836179741476981,0.23735408560311283
40,901.0,901.0,261.0,0.003165882976213578,35.791360525739556,93.51651350265573,1.1617812904769675,801.7427215420817,2.7884012441596133,0.3458646616541353
39,1340.0,1340.0,700.0,0.04308667809528166,94.27966180247,249.76028739862022,4.218759408085472,1471.6331586233666,1.5844553205613507,0.30354609929078014
35,2170.0,2170.0,570.0,0.026512434131608094,84.86947718580178,220.8264645755069,3.3393101193951793,1480.881319174621,1.7668316063159233,0.2361111111111111
26,1050.0,1050.0,620.0,0.04817937968191554,112.37862253649067,298.51998697753965,4.6099772054769135,1843.7778002163154,1.8593750667366795,0.23492063492063492
38,1530.0,1530.0,580.0,0.015841618198868663,46.59005248425973,125.20139398283018,2.630632010045494,1036.7887775278382,1.1525374371178796,0.10921501706484642
38,1290.0,1290.0,760.0,0.0423167552047752,81.29638903313179,216.3730185844035,4.183103570586283,1500.0678222142385,1.3365520514615403,0.19084967320261437
45,1560.0,1560.0,850.0,0.13402117161266444,215.1089309756802,542.8703110443182,7.08492465275466,2436.7446165533834,1.733817707517254,0.27304550758459745
35,890.0,890.0,300.0,0.0059647884989463915,59.54671218938618,143.47155588935033,1.5709223567744148,1047.5679272665225,2.100739544672831,0.3517915309446254
35,830.0,830.0,540.0,0.045516841420829186,141.84895411938723,362.1630946610768,4.3552249610587435,1864.6339506363304,2.0802358090518074,0.2522851919561243
35,1490.0,1490.0,570.0,0.030359123318270766,98.08984653718741,257.6056817174573,3.6158713273970475,1673.8434813480037,2.041966586649176,0.05400696864111498
42,1400.0,1400.0,200.0,0.0011341326478557343,17.975069668000963,47.55394920056513,0.7604291470351755,621.7135155110209,1.7997237802741497,0.15270935960591134
33,1440.0,1440.0,500.0,0.06161691225040322,201.56284384046438,495.4510581124473,4.995074684807891,2345.0789097887973,1.616567686828184,0.19444444444444445
32,750.0,750.0,550.0,0.01939615736273781,73.83702178023022,191.04973278753613,2.876096023399893,1241.804141213683,2.146646243062567,0.2025089605734767
47,910.0,910.0,310.0,0.006929332450545372,76.25323883013768,144.13389423430633,1.6073008712356214,1019.9104419811707,1.8062099640203004,0.41904761904761906
32,1020.0,1020.0,260.0,0.005318178479711859,76.17669122266112,181.73953525686827,1.5028193269340773,1153.4511170718638,2.7108593550764657,0.1417910447761194
38,1850.0,1850.0,850.0,0.02562123486860452,44.97728023384393,119.60923178650818,3.238928311447056,1051.6975517452054,1.2886083336612344,0.01288056206088993
38,2670.0,2670.0,510.0,0.03918411176902892,165.3155826921865,352.9259526342079,3.91435736038118,1774.5272128495058,1.8834898127617425,0.32490272373540857
40,1200.0,1200.0,420.0,0.010127432123135096,62.14554936915581,150.42696172993425,2.0104550871826494,1067.1445442971926,1.7147239324019135,0.3735224586288416
32,1830.0,1830.0,1830.0,0.6090145011642321,113.04187229140155,490.65397283476,15.740666530448049,3547.9751457137895,1.3196454156892214,0.12045577862181227
32,1350.0,1350.0,570.0,0.025043207566942054,90.62698452140724,237.01761184534053,3.340628144646394,1498.1890079306388,3.6299337527962448,0.03986135181975736
41,1170.0,1170.0,570.0,0.0367742810308747,131.10388510281015,318.7943509802544,3.824258020041113,1614.3005053299532,2.169938149339048,0.18324607329842932
46,2000.0,2000.0,1500.0,0.3403590389501968,214.93122042802477,522.4031839854081,11.253103552309348,2579.202778816556,1.3303916916907683,0.22030524220305242
29,1780.0,1780.0,180.0,0.0011095445584600693,21.978124664468506,59.01654846187818,0.7301745415920325,593.5591230464863,1.9035203905092999,0.3989071038251366
37,870.0,870.0,290.0,0.005022729614520385,45.548151965171556,118.63570971210427,1.4740713686133207,923.2365761798262,2.0509874150630463,0.21428571428571427
38,1120.0,1120.0,530.0,0.022466732018644218,88.57909710098504,229.250600909916,3.0583035457014156,1412.1400706765382,2.355391463919211,0.24953445065176907
27,1300.0,1300.0,930.0,0.030759836281291746,46.9316589261796,131.15382715970446,3.7163335991243986,1087.4918757887012,1.2078378774620262,0.13290460878885316
33,1230.0,1230.0,980.0,0.08629368373884105,122.51421884657967,332.1336174561953,6.08095234031014,1832.3002022539554,2.22307405380054,0.14459049544994945
26,800.0,800.0,340.0,0.00809851044002303,55.75168859914497,142.61067387308623,1.9192987346672288,1105.3398270657901,2.688472786356208,0.1565217391304348
32,1200.0,1200.0,800.0,0.05346915455645536,98.21337293654143,260.6066683162402,4.70605719691338,1709.9354578567936,1.602368323813284,0.25
30,1750.0,1750.0,580.0,0.026389407678522055,75.90977202921643,198.9453203961275,3.377086425767624,1458.2471188458653,1.5831723831736153,0.2423728813559322
35,1000.0,1000.0,500.0,0.01849569972406367,65.99628103397714,172.26930338101454,2.8257252635898604,1263.8206619483267,1.7018732471223643,0.21696252465483234
42,1080.0,1080.0,530.0,0.03241917139502111,126.52976884233978,298.0855710596737,3.552494844512814,1570.8226094309568,1.9585810135562003,0.3352059925093633
34,900.0,900.0,740.0,0.05837729110597431,153.77482907230396,395.3291576813879,5.052195348402659,1721.0671630012876,2.0978645934712663,0.1221476510067114
18,1000.0,1000.0,280.0,0.008617311714336376,85.49144066421617,213.05426586939842,2.013978937720253,1394.288435762113,1.7525043096213233,0.1795774647887324
32,2000.0,1300.0,300.0,0.01101280129802521,89.9987961550776,217.0352834274658,2.149462834833759,1323.3684471365966,2.095102339889342,0.3782894736842105
34,1530.0,1530.0,860.0,0.03715487346388521,62.88227563403676,176.5060047117135,3.991477750808288,1225.4155728334235,1.143741181037968,0.1260115606936416
35,1460.0,1460.0,780.0,0.1519322648973324,224.87579371894083,601.0059192422609,7.812556672074099,2789.698322131873,1.4779844614721702,0.16454081632653061
43,2200.0,2200.0,560.0,0.020260945401189955,68.96703801306369,185.81162099802276,2.8603503634928367,1180.6503126971847,1.536732425599544,0.274822695035461
32,1180.0,1180.0,730.0,0.04003250388579306,91.66243065825292,241.62558718357508,4.13132806227148,1486.0828217807266,1.6870613063418212,0.3054054054054054
36,1820.0,1820.0,820.0,0.05370994221455594,92.96969950767324,249.86076740684922,4.763894780547001,1568.1303676823195,1.6833936331265775,0.2314148681055156
35,1320.0,1320.0,680.0,0.03139445086619837,87.41976387198376,231.5829264032884,3.6466071702932243,1462.282824026561,2.5016196976160967,0.10449927431059507
35,1500.0,1500.0,430.0,0.03949965315508201,174.32294108626797,421.5472883103529,3.9905435872983377,2037.7131130429327,1.778776172039202,0.2152777777777778
22,1630.0,1630.0,830.0,0.024981632651285515,43.8095321326624,117.42161308544885,3.3596316421731296,1134.4557182494607,1.5197881163768185,0.05875299760191847
37,1900.0,1900.0,620.0,0.045417738095926294,116.91936100025714,302.34023541314593,4.301940169521544,1733.247011237352,1.7208248188836353,0.2448
35,2560.0,2560.0,2020.0,0.6417109340118816,112.78195934210954,421.6361393179484,16.164771935116832,2944.718274746662,1.3063131915991104,0.07491375061606703
42,1880.0,1880.0,950.0,0.178359814306125,222.99184101934335,576.1665102434836,8.257137894885009,2629.0878935473274,1.3481936101907783,0.24033437826541273
30,610.0,610.0,440.0,0.009952712418781517,47.18374200441617,123.77189727359186,2.0980356464839423,1018.8192752754414,1.4855937488839592,0.3512304250559284
39,1810.0,1810.0,1210.0,0.1659132516887738,130.6733833956517,377.34496009750956,8.164976663871455,2104.5247393697036,1.4303624838737363,0.1556836902800659
26,1250.0,1250.0,570.0,0.028189741247192156,87.69481634963142,226.40231986902967,3.506018981965189,1506.9471283794055,1.5778623348068228,0.2804878048780488
38,1580.0,1580.0,840.0,0.05570922709561266,100.66097660709181,263.6416118420527,4.730615089929169,1593.6583587181094,1.2791647045553303,0.22156398104265404
18,1290.0,1290.0,800.0,0.04729579215865699,90.05839559816104,241.1741360559256,4.646678915591652,1608.3487337807603,1.7266612408476967,0.1806930693069307
37,1220.0,1220.0,1070.0,0.107710215305133,111.30249940126991,307.1420643812804,6.67909287597768,1769.1663487034202,1.5445342973135436,0.2020389249304912
38,1290.0,1290.0,760.0,0.0423167552047752,81.29638903313179,216.3730185844035,4.183103570586283,1500.0678222142385,1.3365520514615403,0.19084967320261437
33,1150.0,1150.0,390.0,0.013582039833200714,79.54160870066097,198.86811555163058,2.3914108259385696,1310.833690217058,2.0254190039373685,0.24619289340101522
32,1060.0,1060.0,410.0,0.006757257485569129,44.91987028866227,130.04642758754125,1.7179103409609238,892.2083216753973,1.9224855249119666,0.38164251207729466
30,980.0,980.0,780.0,0.12010535409874132,221.43583397424908,552.0149316700458,7.127139461770504,2461.272203724084,1.660983438856663,0.1286624203821656
35,2700.0,2700.0,1560.0,0.21575895429231504,150.91968679908652,367.01782403688856,9.27815604544133,2148.6557158481714,1.2836372063085855,0.15816326530612246
33,2430.0,2430.0,410.0,0.010527488120989532,58.71769210200308,153.91536751532928,2.1519004428110255,1111.787381033206,1.8046229212851654,0.31971153846153844
38,1300.0,1300.0,700.0,0.04597000057868457,108.58904567421654,285.52753157592065,4.369402353804945,1647.1840775457986,1.7809082683419466,0.22301136363636365
36,1220.0,1220.0,720.0,0.03911373516620839,96.8673302954215,250.59694105630592,3.9851216199563524,1591.167428280957,1.8466350628470911,0.19204389574759945
40,760.0,760.0,420.0,0.033656635762223996,189.00601414252893,382.0807202300673,3.5901292754805487,1807.4121261834512,1.6284499388550087,0.23708920187793428
40,650.0,650.0,120.0,0.0017775630662964096,59.18359705680119,136.04674322720228,0.8466466267253439,908.4140767173737,2.3769923082709674,0.32231404958677684
28,1300.0,1300.0,350.0,0.015227559918218878,99.85961334148298,246.00964563335955,2.5843134637857927,1408.448391637388,1.917943613641584,0.3137254901960784
34,300.0,300.0,150.0,0.0012672535092786478,64.84220784461569,158.27565933581818,0.7294213990685781,1338.3217428927223,1.5025488233175135,0.20915032679738563
42,420.0,420.0,240.0,0.002436418753811122,27.25941968483484,74.65351100471823,1.0503135521287352,703.8087339904197,1.8049625190069851,0.2892561983471074
27,480.0,480.0,280.0,0.0064618044880798,62.51422025240021,154.28173149186566,1.6799180623396506,1142.8828699824105,2.2615931220823486,0.25
34,1410.0,1410.0,650.0,0.041697386554861174,117.25916406594186,303.56045992206543,4.22240410018743,1610.2689058175174,2.147702798811496,0.2115677321156773
40,2200.0,2200.0,1120.0,0.15937288562323193,177.74118998354237,445.16975746786215,7.8375108492656445,2280.320329001322,1.5257090666489594,0.2921847246891652
50,1750.0,1750.0,310.0,0.0056394320558604515,48.17228822220733,131.58884741142492,1.4964549292585472,882.5384610389493,1.6586300799446279,0.34824281150159747
37,900.0,900.0,380.0,0.010647519698597025,58.61108071968979,151.75615961511772,2.150426326346402,1119.4367386571269,1.8942215152462814,0.24289405684754523
28,6000.0,1020.0,720.0,0.04486994746594253,90.9845434183815,242.70644660421593,4.401451629975062,1673.0491544297186,1.6497000212892112,0.2110344827586207
36,1620.0,1620.0,980.0,0.08186020039370835,135.77747552820665,354.188703708243,5.712512944214437,2040.8656739838107,1.6884304723281345,0.25353535353535356
45,1460.0,1460.0,280.0,0.006211403636816239,64.54792667058706,160.9258024756134,1.5729797112678434,1123.0820475071619,2.027709943081279,0.2771929824561403
38,1150.0,1150.0,910.0,0.15313264330198578,188.72435928376584,519.7181329130437,7.843504721523029,2490.5001488232588,1.6032586254962622,0.1875
40,1620.0,1620.0,560.0,0.011848998547700395,52.6761134263478,137.12030764520762,2.189980619911328,1118.4591000166229,2.185083036314635,0.07407407407407407
40,1530.0,1530.0,410.0,0.013843393471370643,76.60684471478488,193.54480055191001,2.356231870151322,1340.8055038725736,1.6452447111856603,0.28776978417266186
29,870.0,870.0,360.0,0.006695972880222274,47.20828099600281,121.33813324540571,1.7371206937045156,1125.1133962796061,1.92301589781033,0.22465753424657534
40,1400.0,1400.0,160.0,0.0008696206263011442,20.217983088319578,52.57712051223069,0.6435130542014034,630.9610664647554,1.6530697388398343,0.30246913580246915
35,610.0,610.0,500.0,0.01376511239566939,59.309300580971005,154.59376622038215,2.4049427364441627,1122.623560638915,1.7682189189137751,0.2732673267326733
34,1500.0,1500.0,400.0,0.007995693274388151,68.56536751606325,172.8593813803072,1.8284637371623864,1348.4393586181618,1.9853745684792212,0.25
30,1880.0,1880.0,780.0,0.06205993614756683,140.46796353385162,337.8862992013963,5.029403315148358,1951.5650697255696,1.6940573508520569,0.3299492385786802
32,1270.0,1270.0,560.0,0.025807200283912327,77.80182590644024,204.0546734813758,3.353970962189885,1374.536472096317,1.8184455403368076,0.21415929203539824
39,480.0,480.0,90.0,0.00032879928455598973,18.202866799183578,46.28581850003037,0.387530113367731,461.7621592240069,1.9084177572052454,0.44086021505376344
42,420.0,420.0,240.0,0.002436418753811122,27.25941968483484,74.65351100471823,1.0503135521287352,703.8087339904197,1.8049625190069851,0.2892561983471074
34,560.0,560.0,320.0,0.0071289324127871735,64.78159974349856,152.79455631313238,1.7153511116238067,1078.601698288713,1.856699717777341,0.290519877675841
48,1410.0,1410.0,550.0,0.013636323230153177,46.33504535478027,141.61231562047453,2.348410644271402,962.4874095840207,1.495746739220351,0.2463768115942029
25,700.0,700.0,300.0,0.0030557705581016337,22.965896900819825,60.25733442739647,1.2444146292563885,742.7661023909618,1.5248944866185403,0.23684210526315788
38,580.0,580.0,430.0,0.010000979058028006,48.389587411202335,132.35605231605618,2.0736061155015646,982.0692607872246,1.6004314348216584,0.30484988452655887
38,580.0,580.0,290.0,0.007177453978026638,68.18525349954439,166.85154392305867,1.7140790503170993,1126.8131461903342,2.0507211187229806,0.24745762711864408
27,1050.0,1050.0,290.0,0.004274874541719414,36.797745620717166,96.18490853216736,1.412955074618735,851.8252284322396,1.646013059355808,0.3458904109589041
32,1000.0,1000.0,170.0,0.0016366188541524589,33.68256067982062,85.00546089147838,0.8649565616596819,807.2111593683684,3.329687710882048,0.06321839080459771
32,1690.0,1690.0,890.0,0.06816245051970465,132.80165087125994,338.05158874208655,5.237122910168899,2030.8196087010972,1.5354570607182862,0.24972129319955408
40,870.0,870.0,530.0,0.01665871170619658,68.83760578486479,178.21611470035765,2.594005871189461,1162.7399510273794,1.7174677437186292,0.30280373831775703
36,2700.0,2700.0,700.0,0.07894025186913683,165.993969145124,444.7659696779717,5.71503331162493,2256.422276980909,1.4896349680281362,0.18207681365576103
33,900.0,900.0,700.0,0.07968653301513165,165.84506574684536,440.35263697309523,5.852175894274772,2133.9360185160835,1.701428903913124,0.20851063829787234
34,750.0,750.0,240.0,0.0026766206141150555,38.78550854726719,98.6060013939861,1.1179632059158777,970.6557158550303,3.1590974941921313,0.02459016393442623
38,1800.0,1800.0,840.0,0.028042055718028265,44.51290073787786,122.79652024219942,3.4545790565325185,1010.4433975079044,1.1183791607215279,0.04744958481613286
40,1220.0,1220.0,740.0,0.046151086210323364,104.71792429397034,266.29363595090035,4.275138237667012,1544.1106610965946,1.5643583467159563,0.20911528150134048
42,1080.0,1080.0,400.0,0.012291722032301899,64.61282066623697,167.23023928510895,2.271127261518023,1151.3392000641334,2.034876361209943,0.21534653465346534
36,1100.0,1100.0,600.0,0.03275897204266159,93.90589736182388,242.86002171465356,3.676536817435605,1518.9549533233785,1.7444002119499324,0.30756578947368424
40,1150.0,1150.0,820.0,0.06597092395139903,126.623305795229,319.9614794027575,5.0788126340807835,1772.217913989466,1.5871855858513764,0.24606060606060606
40,930.0,930.0,540.0,0.028909756560463823,102.77186661326978,266.27574465257237,3.4889211513232485,1494.8643328030694,2.0634333747956286,0.2113970588235294
40,1700.0,1700.0,850.0,0.08109251622235839,132.21773604004773,350.17564015778055,5.746879584613122,1802.208058483659,1.5065539102228214,0.3108265424912689
33,1490.0,1490.0,630.0,0.07114609179734041,181.82882053366987,459.72224710665324,5.405622767598978,2261.857301164022,1.6551882799759468,0.17350157728706625
35,1440.0,1440.0,290.0,0.0019447082260996645,18.07136649867754,47.43350528283409,1.0309160963183805,625.4378792306971,1.630368435112629,0.09931506849315068
30,1600.0,1600.0,970.0,0.0909796262831877,122.38472415245342,332.23697291717826,6.172646802418982,2010.0271632003576,3.4364304402664962,0.015306122448979591
38,750.0,750.0,190.0,0.0047552009110941205,91.95847062114133,215.12054771547753,1.4004015478856562,1150.174100125638,1.8854444812773878,0.211340206185567
37,1180.0,1180.0,650.0,0.10691987977118614,227.76127126640836,578.4478084332359,6.504625975058122,2600.685209572035,1.5375972180543651,0.18042813455657492
40,1400.0,1400.0,1000.0,0.08721198190520311,123.29117119800058,322.48383083791236,5.892858129001262,1742.7582363157983,1.5559273422997515,0.1974206349206349
40,2250.0,2250.0,600.0,0.018642412717060942,56.12892168290293,154.38652590355895,2.7833107478068473,1097.6745779408348,1.5193648167208191,0.2441860465116279
37,2800.0,2800.0,530.0,0.015014400050027774,54.3151711280833,145.3673541302133,2.518892506568852,1087.7325163849157,1.4348828909541584,0.2602996254681648
29,1780.0,1780.0,180.0,0.0011095445584600693,21.978124664468506,59.01654846187818,0.7301745415920325,593.5591230464863,1.9035203905092999,0.3989071038251366
36,1810.0,1810.0,390.0,0.013773387594351484,75.13043645406242,192.59642091062472,2.4401346573217704,1314.1444709044306,1.9840282398222846,0.2035623409669211
